<?xml version="1.0" encoding="UTF-8"?>
<ClinicalDocument xmlns="urn:hl7-org:v3" xmlns:mif="urn:hl7-org:v3/mif"
    xmlns:xsi="http://www.w3.org/2001/XMLSchema-instance" xsi:schemaLocation="urn:hl7-org:v3 ..\sdschemas\SDA.xsd">
    <!--
********************************************************
 CDA Header
********************************************************
-->
    <realmCode code="CN"/>
    <typeId extension="POCD_MT000040" root="2.16.840.1.113883.1.3"/>
    <templateId root="2.16.156.10011.2.1.1.54"/>
    <!-- 文档流水号 -->
    <id extension="C0034_9765262||1" root="2.16.156.10011.1.1"/>
    <code code="C0034" codeSystem="2.16.156.10011.2.4" codeSystemName="卫生信息共享文档编码体系"/>
    <title>入院记录</title>
    <!-- 文档机器生成时间 -->
    <effectiveTime value="20220519000000"/>
    <confidentialityCode code="N" codeSystem="2.16.840.1.113883.5.25"
        codeSystemName="Confidentiality" displayName="正常访问保密级别"/>
    <languageCode code="zh-CN"/>
    <setId/>
    <versionNumber/>
    <!--文档记录对象（患者） [1..*] contextControlCode="OP"表示本信息可以被重载-->
    <recordTarget contextControlCode="OP" typeCode="RCT">
        <patientRole classCode="PAT">
            <!--住院号标识-->
            <id extension="402772" root="2.16.156.10011.1.12"/>
            <!-- 现住址 -->
            <addr use="H">
                <houseNumber>-</houseNumber>
                <streetName>-</streetName>
                <township>大梅沙泊岸雅苑A4-9C</township>
                <county>广东省深圳市盐田区@</county>
                <city>-</city>
                <state>-</state>
            </addr>
            <patient classCode="PSN" determinerCode="INSTANCE">
                <!--患者身份证号-->
                <id extension="440301196105100422" root="2.16.156.10011.1.3"/>
                <name>邓仕梅</name>
                <administrativeGenderCode code="2"
                    codeSystem="2.16.156.10011.2.3.3.4"
                    codeSystemName="生理性别代码表(GB/T 2261.1)" displayName="女性"/>
                <maritalStatusCode code="20"
                    codeSystem="2.16.156.10011.2.3.3.5"
                    codeSystemName="婚姻状况代码表(GB/T 2261.2)" displayName="已婚"/>
                <ethnicGroupCode code="01"
                    codeSystem="2.16.156.10011.2.3.3.3"
                    codeSystemName="民族类别代码表(GB 3304)" displayName="汉族"/>
                <!-- 年龄 -->
                <age unit="岁" value="60"/>
                <!--职业状况-->
                <occupation>
                    <occupationCode code="90"
                        codeSystem="2.16.156.10011.2.3.3.13"
                        codeSystemName="从业状况(个人身体)代码表(GB/T 2261.4)" displayName="其他"/>
                </occupation>
            </patient>
        </patientRole>
    </recordTarget>
    <!-- 文档创作者 -->
    <author contextControlCode="OP" typeCode="AUT">
        <time value="20220615" xsi:type="TS"/>
        <assignedAuthor classCode="ASSIGNED">
            <id extension="3632" root="2.16.156.10011.1.7"/>
            <assignedPerson>
                <name>黎剑淼</name>
            </assignedPerson>
        </assignedAuthor>
    </author>
    <!-- 病史陈述者 -->
    <informant>
        <assignedEntity>
            <id extension="440301196105100422" root="2.16.156.10011.1.3"/>
            <!--陈述者与患者的关系代码-->
            <code code="0" codeSystem="2.16.156.10011.2.3.3.8"
                codeSystemName="家庭关系代码表(GB/T 4761)" displayName="本人或户主"/>
            <assignedPerson>
                <name>邓仕梅</name>
            </assignedPerson>
        </assignedEntity>
    </informant>
    <!-- 保管机构 -->
    <custodian typeCode="CST">
        <assignedCustodian classCode="ASSIGNED">
            <representedCustodianOrganization classCode="ORG" determinerCode="INSTANCE">
                <id extension="1244030345" root="2.16.156.10011.1.5"/>
                <name>罗湖区人民医院</name>
            </representedCustodianOrganization>
        </assignedCustodian>
    </custodian>
    <!-- 最终审核者签名 -->
    <legalAuthenticator>
        <time/>
        <signatureCode/>
        <assignedEntity>
            <id extension="600" root="2.16.156.10011.1.4"/>
            <code displayName="主任医师"/>
            <assignedPerson>
                <name>黄桂晓</name>
            </assignedPerson>
        </assignedEntity>
    </legalAuthenticator>
    <!-- 接诊医师签名 -->
    <authenticator>
        <time/>
        <signatureCode/>
        <assignedEntity>
            <id extension="3632" root="2.16.156.10011.1.4"/>
            <code displayName="接诊医师"/>
            <assignedPerson>
                <name>黎剑淼</name>
            </assignedPerson>
        </assignedEntity>
    </authenticator>
    <!--住院医师签名-->
    <authenticator>
        <time/>
        <signatureCode/>
        <assignedEntity>
            <id extension="3632" root="2.16.156.10011.1.4"/>
            <code displayName="住院医师"/>
            <assignedPerson>
                <name>黎剑淼</name>
            </assignedPerson>
        </assignedEntity>
    </authenticator>
    <!--主治医师签名-->
    <authenticator>
        <time/>
        <signatureCode/>
        <assignedEntity>
            <id extension="5313" root="2.16.156.10011.1.4"/>
            <code displayName="主治医师"/>
            <assignedPerson>
                <name>熊星</name>
            </assignedPerson>
        </assignedEntity>
    </authenticator>
    <relatedDocument typeCode="RPLC">
        <parentDocument>
            <id/>
            <setId/>
            <versionNumber/>
        </parentDocument>
    </relatedDocument>
    <!-- 病床号、病房、病区、科室和医院的关联 -->
    <componentOf>
        <encompassingEncounter>
            <!-- 入院日期时间 DE06.00.092.00	-->
            <effectiveTime value="20220504112001"/>
            <location>
                <healthCareFacility>
                    <serviceProviderOrganization>
                        <asOrganizationPartOf classCode="PART">
                            <!-- DE01.00.026.00	病床号 -->
                            <wholeOrganization classCode="ORG" determinerCode="INSTANCE">
                                <id extension="08" root="2.16.156.10011.1.22"/>
                                <name>08</name>
                                <!-- DE01.00.019.00	病房号 -->
                                <asOrganizationPartOf classCode="PART">
                                    <wholeOrganization classCode="ORG" determinerCode="INSTANCE">
                                    <id extension="1102-" root="2.16.156.10011.1.21"/>
                                    <name>1102</name>
                                    <!-- DE08.10.026.00	科室名称 -->
                                    <asOrganizationPartOf classCode="PART">
                                    <wholeOrganization
                                    classCode="ORG" determinerCode="INSTANCE">
                                    <id extension="30014" root="2.16.156.10011.1.26"/>
                                    <name>泌尿外科</name>
                                    <!-- DE08.10.054.00	病区名称 -->
                                    <asOrganizationPartOf classCode="PART">
                                    <wholeOrganization
                                    classCode="ORG" determinerCode="INSTANCE">
                                    <id
                                    extension="40012" root="2.16.156.10011.1.27"/>
                                    <name>外三病区</name>
                                    <!--XXX医院 -->

                                    <asOrganizationPartOf classCode="PART">

                                    <wholeOrganization
                                    classCode="ORG" determinerCode="INSTANCE">
                                    <id
                                    extension="1244030345576818XP" root="2.16.156.10011.1.5"/>
                                    <name>罗湖区人民医院</name>
                                    </wholeOrganization>
                                    </asOrganizationPartOf>
                                    </wholeOrganization>
                                    </asOrganizationPartOf>
                                    </wholeOrganization>
                                    </asOrganizationPartOf>
                                    </wholeOrganization>
                                </asOrganizationPartOf>
                            </wholeOrganization>
                        </asOrganizationPartOf>
                    </serviceProviderOrganization>
                </healthCareFacility>
            </location>
        </encompassingEncounter>
    </componentOf>
    <!--***************************************************
文档体Body
*******************************************************
-->
    <component>
        <structuredBody>
            <!--主诉章节-->
            <component>
                <section>
                    <code code="10154-3"
                        codeSystem="2.16.840.1.113883.6.1"
                        codeSystemName="LOINC" displayName="CHIEF COMPLAINT"/>
                    <text/>
                    <!--主诉条目-->
                    <entry>
                        <observation classCode="OBS" moodCode="EVN">
                            <code code="DE04.01.119.00"
                                codeSystem="2.16.156.10011.2.2.1"
                                codeSystemName="卫生信息数据元目录" displayName="主诉"/>
                            <value xsi:type="ST"><![CDATA[右侧腰痛4天。]]></value>
                        </observation>
                    </entry>
                </section>
            </component>
            <!--现病史章节-->
            <component>
                <section>
                    <code code="10164-2"
                        codeSystem="2.16.840.1.113883.6.1"
                        codeSystemName="LOINC" displayName="HISTORY OF PRESENT ILLNESS"/>
                    <text/>
                    <!--现病史条目-->
                    <entry>
                        <observation classCode="OBS" moodCode="EVN">
                            <code code="DE02.10.071.00"
                                codeSystem="2.16.156.10011.2.2.1"
                                codeSystemName="卫生信息数据元目录" displayName="现病史"/>
                            <value xsi:type="ST"><![CDATA[患者于4天前无明显诱因始出现右侧腰痛，为阵发性隐痛，可耐受，无向下腹及会阴部放射，未行特殊处理。无恶心、呕吐，无畏寒、发热，无尿频、尿急、尿痛及解肉眼血尿，现为进一步诊疗至我院就诊，查泌尿系彩超提示“右输尿管第一狭窄处结石并右肾轻度积水、右肾多发性结石”，门诊拟“右输尿管结石并右肾积水”而收入我科。起病以来，患者精神尚可，食欲、睡眠一般，大便如常，小便如上述；近期体重无明显改变。]]></value>
                        </observation>
                    </entry>
                </section>
            </component>
            <!--既往史章节-->
            <component>
                <section>
                    <code code="11348-0"
                        codeSystem="2.16.840.1.113883.6.1"
                        codeSystemName="LOINC" displayName="HISTORY OF PAST ILLNESS"/>
                    <text/>
                    <!--一般健康状况标志-->
                    <entry>
                        <observation classCode="OBS" moodCode="EVN">
                            <code code="DE05.10.031.00"
                                codeSystem="2.16.156.10011.2.2.1"
                                codeSystemName="卫生信息数据元目录" displayName="一般健康状况标志"/>
                            <value value="false" xsi:type="BL"/>
                            <!--疾病史（含外伤）-->
                            <entryRelationship typeCode="COMP">
                                <observation classCode="OBS" moodCode="EVN">
                                    <code code="DE02.10.026.00"
                                    codeSystem="2.16.156.10011.2.2.1"
                                    codeSystemName="卫生信息数据元目录" displayName="疾病史（含外伤）"/>
                                    <value xsi:type="ST"><![CDATA[无]]></value>
                                </observation>
                            </entryRelationship>
                        </observation>
                    </entry>
                    <!--患者传染性标志-->
                    <entry>
                        <observation classCode="OBS" moodCode="EVN">
                            <code code="DE05.10.119.00"
                                codeSystem="2.16.156.10011.2.2.1"
                                codeSystemName="卫生信息数据元目录" displayName="患者传染性标志"/>
                            <value value="false" xsi:type="BL"/>
                            <!--传染病史-->
                            <entryRelationship typeCode="COMP">
                                <observation classCode="OBS" moodCode="EVN">
                                    <code code="DE02.10.008.00"
                                    codeSystem="2.16.156.10011.2.2.1"
                                    codeSystemName="卫生信息数据元目录" displayName="传染病史"/>
                                    <value xsi:type="ST"><![CDATA[-]]></value>
                                </observation>
                            </entryRelationship>
                        </observation>
                    </entry>
                    <!--婚育史条目-->
                    <entry>
                        <observation classCode="OBS" moodCode="EVN">
                            <code code="DE02.10.098.00"
                                codeSystem="2.16.156.10011.2.2.1"
                                codeSystemName="卫生信息数据元目录" displayName="婚育史"/>
                            <value xsi:type="ST"><![CDATA[已婚，夫妻感情好；已婚育，子女体健。]]></value>
                        </observation>
                    </entry>
                    <!--过敏史条目-->
                    <entry>
                        <observation classCode="OBS" moodCode="EVN">
                            <code code="DE02.10.022.00"
                                codeSystem="2.16.156.10011.2.2.1"
                                codeSystemName="卫生信息数据元目录" displayName="过敏史"/>
                            <value xsi:type="ST"><![CDATA[无]]></value>
                        </observation>
                    </entry>
                    <!--手术史条目-->
                    <entry>
                        <observation classCode="OBS" moodCode="EVN">
                            <code code="DE02.10.061.00"
                                codeSystem="2.16.156.10011.2.2.1"
                                codeSystemName="卫生信息数据元目录" displayName="手术史"/>
                            <value xsi:type="ST"><![CDATA[-]]></value>
                        </observation>
                    </entry>
                </section>
            </component>
            <!--预防免疫史章节-->
            <component>
                <section>
                    <code code="11369-6"
                        codeSystem="2.16.840.1.113883.6.1"
                        codeSystemName="LOINC" displayName="HISTORY OF IMMUNIZATIONS"/>
                    <text/>
                    <entry>
                        <observation classCode="OBS" moodCode="EVN">
                            <code code="DE02.10.101.00"
                                codeSystem="2.16.156.10011.2.2.1"
                                codeSystemName="卫生信息数据元目录" displayName="预防接种史"/>
                            <value xsi:type="ST"><![CDATA[-]]></value>
                        </observation>
                    </entry>
                </section>
            </component>
            <!--输血章节-->
            <component>
                <section>
                    <code code="56836-0"
                        codeSystem="2.16.840.1.113883.6.1"
                        codeSystemName="LOINC" displayName="History of blood transfusion"/>
                    <text/>
                    <!--输血史条目-->
                    <entry>
                        <observation classCode="OBS" moodCode="EVN">
                            <code code="DE02.10.100.00"
                                codeSystem="2.16.156.10011.2.2.1"
                                codeSystemName="卫生信息数据元目录" displayName="输血史"/>
                            <value xsi:type="ST"><![CDATA[-]]></value>
                        </observation>
                    </entry>
                </section>
            </component>
            <!--个人史章节-->
            <component>
                <section>
                    <code code="29762-2"
                        codeSystem="2.16.840.1.113883.6.1"
                        codeSystemName="LOINC" displayName="Social history"/>
                    <text/>
                    <!--个人史条目-->
                    <entry>
                        <observation classCode="OBS" moodCode="EVN">
                            <code code="DE02.10.097.00"
                                codeSystem="2.16.156.10011.2.2.1"
                                codeSystemName="卫生信息数据元目录" displayName="个人史"/>
                            <value xsi:type="ST"><![CDATA[原籍成长，否认疫水、疫区接触史，否认有冶游史。否认有毒化学物质及放射线接触史。无不良生活嗜好。不嗜烟，不嗜酒。]]></value>
                        </observation>
                    </entry>
                </section>
            </component>
            <!--月经史章节-->
            <component>
                <section>
                    <code code="49033-4"
                        codeSystem="2.16.840.1.113883.6.1"
                        codeSystemName="LOINC" displayName="Menstrual History"/>
                    <text/>
                    <!--月经史条目-->
                    <entry>
                        <observation classCode="OBS" moodCode="EVN">
                            <code code="DE02.10.102.00"
                                codeSystem="2.16.156.10011.2.2.1"
                                codeSystemName="卫生信息数据元目录" displayName="月经史"/>
                            <value xsi:type="ST"><![CDATA[初潮年龄:14岁;29-30;5-7;绝经年龄50岁]]></value>
                        </observation>
                    </entry>
                </section>
            </component>
            <!--家族史章节-->
            <component>
                <section>
                    <code code="10157-6"
                        codeSystem="2.16.840.1.113883.6.1"
                        codeSystemName="LOINC" displayName="HISTORY OF FAMILY MEMBER DISEASES"/>
                    <text/>
                    <!--家族史条目-->
                    <entry>
                        <observation classCode="OBS" moodCode="EVN">
                            <code code="DE02.10.103.00"
                                codeSystem="2.16.156.10011.2.2.1"
                                codeSystemName="卫生信息数据元目录" displayName="家族史"/>
                            <value xsi:type="ST"><![CDATA[家族中无类似疾病患者。否认有家族性遗传、免疫性和精神性疾病患者。]]></value>
                        </observation>
                    </entry>
                </section>
            </component>
            <!--生命体征章节-->
            <component>
                <section>
                    <code code="8716-3"
                        codeSystem="2.16.840.1.113883.6.1"
                        codeSystemName="LOINC" displayName="VITAL SIGNS"/>
                    <text/>
                    <!--体格检查-体温（℃）-->
                    <entry>
                        <observation classCode="OBS" moodCode="EVN">
                            <code code="DE04.10.186.00"
                                codeSystem="2.16.156.10011.2.2.1"
                                codeSystemName="卫生信息数据元目录" displayName="体温（℃）"/>
                            <value unit="℃" value="36.5" xsi:type="PQ"/>
                        </observation>
                    </entry>
                    <!--体格检查-脉率（次/min）-->
                    <entry>
                        <observation classCode="OBS" moodCode="EVN">
                            <code code="DE04.10.118.00"
                                codeSystem="2.16.156.10011.2.2.1"
                                codeSystemName="卫生信息数据元目录" displayName="脉率（次/min）"/>
                            <value unit="次/min" value="74" xsi:type="PQ"/>
                        </observation>
                    </entry>
                    <!--体格检查-呼吸频率（次/min）-->
                    <entry>
                        <observation classCode="OBS" moodCode="EVN">
                            <code code="DE04.10.082.00"
                                codeSystem="2.16.156.10011.2.2.1"
                                codeSystemName="卫生信息数据元目录" displayName="呼吸频率（次/min）"/>
                            <value unit="次/min" value="18" xsi:type="PQ"/>
                        </observation>
                    </entry>
                    <!--体格检查-血压（mmHg）-->
                    <entry>
                        <organizer classCode="BATTERY" moodCode="EVN">
                            <code displayName="血压"/>
                            <statusCode/>
                            <component>
                                <observation classCode="OBS" moodCode="EVN">
                                    <code code="DE04.10.174.00"
                                    codeSystem="2.16.156.10011.2.2.1"
                                    codeSystemName="卫生信息数据元目录" displayName="收缩压"/>
                                    <value unit="mmHg" value="120" xsi:type="PQ"/>
                                </observation>
                            </component>
                            <component>
                                <observation classCode="OBS" moodCode="EVN">
                                    <code code="DE04.10.176.00"
                                    codeSystem="2.16.156.10011.2.2.1"
                                    codeSystemName="卫生信息数据元目录" displayName="舒张压"/>
                                    <value unit="mmHg" value="90" xsi:type="PQ"/>
                                </observation>
                            </component>
                        </organizer>
                    </entry>
                    <!--体格检查-身高（cm）-->
                    <entry>
                        <observation classCode="OBS" moodCode="EVN">
                            <code code="DE04.10.167.00"
                                codeSystem="2.16.156.10011.2.2.1"
                                codeSystemName="卫生信息数据元目录" displayName="身高（cm）"/>
                            <value unit="cm" value="162.1" xsi:type="PQ"/>
                        </observation>
                    </entry>
                    <!--体格检查-体重（kg）-->
                    <entry>
                        <observation classCode="OBS" moodCode="EVN">
                            <code code="DE04.10.188.00"
                                codeSystem="2.16.156.10011.2.2.1"
                                codeSystemName="卫生信息数据元目录" displayName="体重（kg）"/>
                            <value unit="kg" value="57.40" xsi:type="PQ"/>
                        </observation>
                    </entry>
                </section>
            </component>
            <!--体格检查章节-->
            <component>
                <section>
                    <code code="29545-1"
                        codeSystem="2.16.840.1.113883.6.1"
                        codeSystemName="LOINC" displayName="PHYSICAL EXAMINATION"/>
                    <text/>
                    <!--体格检查-一般状况检查结果-->
                    <entry>
                        <observation classCode="OBS" moodCode="EVN">
                            <code code="DE04.10.219.00"
                                codeSystem="2.16.156.10011.2.2.1"
                                codeSystemName="卫生信息数据元目录" displayName="一般状况检查结果"/>
                            <value xsi:type="ST"><![CDATA[T:36.5 ℃ P:74 次/分 R:18 次/分 BP:125/74 mmHg    一般情况：发育正常 ，营养良好 ，体型正常 ，自动 体位，正常面容与表情 ，面色红润 ，意识清醒 ，姿势步态：正常 ，检查合作 ，对答切题 。    皮肤、粘膜：色泽正常 ，皮温正常 ，无 脱水，无 粘膜溃疡，无 皮下结节或肿块，无 蜘蛛痣。    全身浅表淋巴结：无 肿大。    头颅：大小形态正常 。巩膜正常 ，瞳孔大小正常 。外耳道无分泌物 。鼻无 畸形，无 鼻翼扇动。口唇红润 。伸舌居中、形态正常、运动正常 。咽无充血 ，扁桃体正常 。    颈部：正常 ，颈动脉搏动正常 ，颈静脉无明显搏动 ，气管居中 ，甲状腺大小正常 。    胸部：胸廓正常 。无 胸骨叩击痛，乳房对称 。    肺部：呼吸运动正常 ，肋间隙正常 。双侧 语颤正常 ，无 胸膜摩擦感，双肺 叩诊清音 ，双 肺呼吸音正常 ，双肺 未闻及 干湿性啰音 。    心：心前区无隆起 ，心尖搏动位于第五肋间左锁骨中线内 侧0.5 厘米，搏动正常 ，无 抬举性心尖搏动，无 心前区震颤，无 心包摩擦感；心浊音界正常 ；心率74 次/分，心律齐 ，心音正常 ，未 闻及额外心音，无 心脏杂音，未闻及 心包摩擦音。    腹部：形态正常 ，腹式呼吸存在 ，无 腹壁静脉曲张，未见 胃肠形和蠕动波。腹软 ，肝脏未触及 ；胆囊未触及 ，莫非氏征（murph sign）阴性；脾脏未触及 ；无移动性浊音，肠鸣音正常。    肛门及外生殖器：未查。    脊柱：无畸形 ；四肢无畸形 。双侧 下肢无水肿    神经反射：膝反射正常 ，跟腱反射正常 。巴彬斯基征（- ），脑膜刺激征（- ）。]]></value>
                        </observation>
                    </entry>
                    <!--体格检查-皮肤和黏膜检查结果-->
                    <entry>
                        <observation classCode="OBS" moodCode="EVN">
                            <code code="DE04.10.126.00"
                                codeSystem="2.16.156.10011.2.2.1"
                                codeSystemName="卫生信息数据元目录" displayName="皮肤和黏膜检查结果"/>
                            <value xsi:type="ST"><![CDATA[T:36.5 ℃ P:74 次/分 R:18 次/分 BP:125/74 mmHg    一般情况：发育正常 ，营养良好 ，体型正常 ，自动 体位，正常面容与表情 ，面色红润 ，意识清醒 ，姿势步态：正常 ，检查合作 ，对答切题 。    皮肤、粘膜：色泽正常 ，皮温正常 ，无 脱水，无 粘膜溃疡，无 皮下结节或肿块，无 蜘蛛痣。    全身浅表淋巴结：无 肿大。    头颅：大小形态正常 。巩膜正常 ，瞳孔大小正常 。外耳道无分泌物 。鼻无 畸形，无 鼻翼扇动。口唇红润 。伸舌居中、形态正常、运动正常 。咽无充血 ，扁桃体正常 。    颈部：正常 ，颈动脉搏动正常 ，颈静脉无明显搏动 ，气管居中 ，甲状腺大小正常 。    胸部：胸廓正常 。无 胸骨叩击痛，乳房对称 。    肺部：呼吸运动正常 ，肋间隙正常 。双侧 语颤正常 ，无 胸膜摩擦感，双肺 叩诊清音 ，双 肺呼吸音正常 ，双肺 未闻及 干湿性啰音 。    心：心前区无隆起 ，心尖搏动位于第五肋间左锁骨中线内 侧0.5 厘米，搏动正常 ，无 抬举性心尖搏动，无 心前区震颤，无 心包摩擦感；心浊音界正常 ；心率74 次/分，心律齐 ，心音正常 ，未 闻及额外心音，无 心脏杂音，未闻及 心包摩擦音。    腹部：形态正常 ，腹式呼吸存在 ，无 腹壁静脉曲张，未见 胃肠形和蠕动波。腹软 ，肝脏未触及 ；胆囊未触及 ，莫非氏征（murph sign）阴性；脾脏未触及 ；无移动性浊音，肠鸣音正常。    肛门及外生殖器：未查。    脊柱：无畸形 ；四肢无畸形 。双侧 下肢无水肿    神经反射：膝反射正常 ，跟腱反射正常 。巴彬斯基征（- ），脑膜刺激征（- ）。]]></value>
                        </observation>
                    </entry>
                    <!--体格检查-全身浅表淋巴结检查结果-->
                    <entry>
                        <observation classCode="OBS" moodCode="EVN">
                            <code code="DE04.10.114.00"
                                codeSystem="2.16.156.10011.2.2.1"
                                codeSystemName="卫生信息数据元目录" displayName="全身浅表淋巴结检查结果"/>
                            <value xsi:type="ST"><![CDATA[T:36.5 ℃ P:74 次/分 R:18 次/分 BP:125/74 mmHg    一般情况：发育正常 ，营养良好 ，体型正常 ，自动 体位，正常面容与表情 ，面色红润 ，意识清醒 ，姿势步态：正常 ，检查合作 ，对答切题 。    皮肤、粘膜：色泽正常 ，皮温正常 ，无 脱水，无 粘膜溃疡，无 皮下结节或肿块，无 蜘蛛痣。    全身浅表淋巴结：无 肿大。    头颅：大小形态正常 。巩膜正常 ，瞳孔大小正常 。外耳道无分泌物 。鼻无 畸形，无 鼻翼扇动。口唇红润 。伸舌居中、形态正常、运动正常 。咽无充血 ，扁桃体正常 。    颈部：正常 ，颈动脉搏动正常 ，颈静脉无明显搏动 ，气管居中 ，甲状腺大小正常 。    胸部：胸廓正常 。无 胸骨叩击痛，乳房对称 。    肺部：呼吸运动正常 ，肋间隙正常 。双侧 语颤正常 ，无 胸膜摩擦感，双肺 叩诊清音 ，双 肺呼吸音正常 ，双肺 未闻及 干湿性啰音 。    心：心前区无隆起 ，心尖搏动位于第五肋间左锁骨中线内 侧0.5 厘米，搏动正常 ，无 抬举性心尖搏动，无 心前区震颤，无 心包摩擦感；心浊音界正常 ；心率74 次/分，心律齐 ，心音正常 ，未 闻及额外心音，无 心脏杂音，未闻及 心包摩擦音。    腹部：形态正常 ，腹式呼吸存在 ，无 腹壁静脉曲张，未见 胃肠形和蠕动波。腹软 ，肝脏未触及 ；胆囊未触及 ，莫非氏征（murph sign）阴性；脾脏未触及 ；无移动性浊音，肠鸣音正常。    肛门及外生殖器：未查。    脊柱：无畸形 ；四肢无畸形 。双侧 下肢无水肿    神经反射：膝反射正常 ，跟腱反射正常 。巴彬斯基征（- ），脑膜刺激征（- ）。]]></value>
                        </observation>
                    </entry>
                    <!--体格检查-头部及其器官检查结果-->
                    <entry>
                        <observation classCode="OBS" moodCode="EVN">
                            <code code="DE04.10.261.00"
                                codeSystem="2.16.156.10011.2.2.1"
                                codeSystemName="卫生信息数据元目录" displayName="头部及其器官检查结果"/>
                            <value xsi:type="ST"><![CDATA[T:36.5 ℃ P:74 次/分 R:18 次/分 BP:125/74 mmHg    一般情况：发育正常 ，营养良好 ，体型正常 ，自动 体位，正常面容与表情 ，面色红润 ，意识清醒 ，姿势步态：正常 ，检查合作 ，对答切题 。    皮肤、粘膜：色泽正常 ，皮温正常 ，无 脱水，无 粘膜溃疡，无 皮下结节或肿块，无 蜘蛛痣。    全身浅表淋巴结：无 肿大。    头颅：大小形态正常 。巩膜正常 ，瞳孔大小正常 。外耳道无分泌物 。鼻无 畸形，无 鼻翼扇动。口唇红润 。伸舌居中、形态正常、运动正常 。咽无充血 ，扁桃体正常 。    颈部：正常 ，颈动脉搏动正常 ，颈静脉无明显搏动 ，气管居中 ，甲状腺大小正常 。    胸部：胸廓正常 。无 胸骨叩击痛，乳房对称 。    肺部：呼吸运动正常 ，肋间隙正常 。双侧 语颤正常 ，无 胸膜摩擦感，双肺 叩诊清音 ，双 肺呼吸音正常 ，双肺 未闻及 干湿性啰音 。    心：心前区无隆起 ，心尖搏动位于第五肋间左锁骨中线内 侧0.5 厘米，搏动正常 ，无 抬举性心尖搏动，无 心前区震颤，无 心包摩擦感；心浊音界正常 ；心率74 次/分，心律齐 ，心音正常 ，未 闻及额外心音，无 心脏杂音，未闻及 心包摩擦音。    腹部：形态正常 ，腹式呼吸存在 ，无 腹壁静脉曲张，未见 胃肠形和蠕动波。腹软 ，肝脏未触及 ；胆囊未触及 ，莫非氏征（murph sign）阴性；脾脏未触及 ；无移动性浊音，肠鸣音正常。    肛门及外生殖器：未查。    脊柱：无畸形 ；四肢无畸形 。双侧 下肢无水肿    神经反射：膝反射正常 ，跟腱反射正常 。巴彬斯基征（- ），脑膜刺激征（- ）。]]></value>
                        </observation>
                    </entry>
                    <!--体格检查-颈部检查结果-->
                    <entry>
                        <observation classCode="OBS" moodCode="EVN">
                            <code code="DE04.10.255.00"
                                codeSystem="2.16.156.10011.2.2.1"
                                codeSystemName="卫生信息数据元目录" displayName="颈部检查结果"/>
                            <value xsi:type="ST"><![CDATA[T:36.5 ℃ P:74 次/分 R:18 次/分 BP:125/74 mmHg    一般情况：发育正常 ，营养良好 ，体型正常 ，自动 体位，正常面容与表情 ，面色红润 ，意识清醒 ，姿势步态：正常 ，检查合作 ，对答切题 。    皮肤、粘膜：色泽正常 ，皮温正常 ，无 脱水，无 粘膜溃疡，无 皮下结节或肿块，无 蜘蛛痣。    全身浅表淋巴结：无 肿大。    头颅：大小形态正常 。巩膜正常 ，瞳孔大小正常 。外耳道无分泌物 。鼻无 畸形，无 鼻翼扇动。口唇红润 。伸舌居中、形态正常、运动正常 。咽无充血 ，扁桃体正常 。    颈部：正常 ，颈动脉搏动正常 ，颈静脉无明显搏动 ，气管居中 ，甲状腺大小正常 。    胸部：胸廓正常 。无 胸骨叩击痛，乳房对称 。    肺部：呼吸运动正常 ，肋间隙正常 。双侧 语颤正常 ，无 胸膜摩擦感，双肺 叩诊清音 ，双 肺呼吸音正常 ，双肺 未闻及 干湿性啰音 。    心：心前区无隆起 ，心尖搏动位于第五肋间左锁骨中线内 侧0.5 厘米，搏动正常 ，无 抬举性心尖搏动，无 心前区震颤，无 心包摩擦感；心浊音界正常 ；心率74 次/分，心律齐 ，心音正常 ，未 闻及额外心音，无 心脏杂音，未闻及 心包摩擦音。    腹部：形态正常 ，腹式呼吸存在 ，无 腹壁静脉曲张，未见 胃肠形和蠕动波。腹软 ，肝脏未触及 ；胆囊未触及 ，莫非氏征（murph sign）阴性；脾脏未触及 ；无移动性浊音，肠鸣音正常。    肛门及外生殖器：未查。    脊柱：无畸形 ；四肢无畸形 。双侧 下肢无水肿    神经反射：膝反射正常 ，跟腱反射正常 。巴彬斯基征（- ），脑膜刺激征（- ）。]]></value>
                        </observation>
                    </entry>
                    <!--体格检查-胸部检查结果-->
                    <entry>
                        <observation classCode="OBS" moodCode="EVN">
                            <code code="DE04.10.263.00"
                                codeSystem="2.16.156.10011.2.2.1"
                                codeSystemName="卫生信息数据元目录" displayName="胸部检查结果"/>
                            <value xsi:type="ST"><![CDATA[T:36.5 ℃ P:74 次/分 R:18 次/分 BP:125/74 mmHg    一般情况：发育正常 ，营养良好 ，体型正常 ，自动 体位，正常面容与表情 ，面色红润 ，意识清醒 ，姿势步态：正常 ，检查合作 ，对答切题 。    皮肤、粘膜：色泽正常 ，皮温正常 ，无 脱水，无 粘膜溃疡，无 皮下结节或肿块，无 蜘蛛痣。    全身浅表淋巴结：无 肿大。    头颅：大小形态正常 。巩膜正常 ，瞳孔大小正常 。外耳道无分泌物 。鼻无 畸形，无 鼻翼扇动。口唇红润 。伸舌居中、形态正常、运动正常 。咽无充血 ，扁桃体正常 。    颈部：正常 ，颈动脉搏动正常 ，颈静脉无明显搏动 ，气管居中 ，甲状腺大小正常 。    胸部：胸廓正常 。无 胸骨叩击痛，乳房对称 。    肺部：呼吸运动正常 ，肋间隙正常 。双侧 语颤正常 ，无 胸膜摩擦感，双肺 叩诊清音 ，双 肺呼吸音正常 ，双肺 未闻及 干湿性啰音 。    心：心前区无隆起 ，心尖搏动位于第五肋间左锁骨中线内 侧0.5 厘米，搏动正常 ，无 抬举性心尖搏动，无 心前区震颤，无 心包摩擦感；心浊音界正常 ；心率74 次/分，心律齐 ，心音正常 ，未 闻及额外心音，无 心脏杂音，未闻及 心包摩擦音。    腹部：形态正常 ，腹式呼吸存在 ，无 腹壁静脉曲张，未见 胃肠形和蠕动波。腹软 ，肝脏未触及 ；胆囊未触及 ，莫非氏征（murph sign）阴性；脾脏未触及 ；无移动性浊音，肠鸣音正常。    肛门及外生殖器：未查。    脊柱：无畸形 ；四肢无畸形 。双侧 下肢无水肿    神经反射：膝反射正常 ，跟腱反射正常 。巴彬斯基征（- ），脑膜刺激征（- ）。]]></value>
                        </observation>
                    </entry>
                    <!--体格检查-腹部检查结果-->
                    <entry>
                        <observation classCode="OBS" moodCode="EVN">
                            <code code="DE04.10.046.00"
                                codeSystem="2.16.156.10011.2.2.1"
                                codeSystemName="卫生信息数据元目录" displayName="腹部检查结果"/>
                            <value xsi:type="ST"><![CDATA[T:36.5 ℃ P:74 次/分 R:18 次/分 BP:125/74 mmHg    一般情况：发育正常 ，营养良好 ，体型正常 ，自动 体位，正常面容与表情 ，面色红润 ，意识清醒 ，姿势步态：正常 ，检查合作 ，对答切题 。    皮肤、粘膜：色泽正常 ，皮温正常 ，无 脱水，无 粘膜溃疡，无 皮下结节或肿块，无 蜘蛛痣。    全身浅表淋巴结：无 肿大。    头颅：大小形态正常 。巩膜正常 ，瞳孔大小正常 。外耳道无分泌物 。鼻无 畸形，无 鼻翼扇动。口唇红润 。伸舌居中、形态正常、运动正常 。咽无充血 ，扁桃体正常 。    颈部：正常 ，颈动脉搏动正常 ，颈静脉无明显搏动 ，气管居中 ，甲状腺大小正常 。    胸部：胸廓正常 。无 胸骨叩击痛，乳房对称 。    肺部：呼吸运动正常 ，肋间隙正常 。双侧 语颤正常 ，无 胸膜摩擦感，双肺 叩诊清音 ，双 肺呼吸音正常 ，双肺 未闻及 干湿性啰音 。    心：心前区无隆起 ，心尖搏动位于第五肋间左锁骨中线内 侧0.5 厘米，搏动正常 ，无 抬举性心尖搏动，无 心前区震颤，无 心包摩擦感；心浊音界正常 ；心率74 次/分，心律齐 ，心音正常 ，未 闻及额外心音，无 心脏杂音，未闻及 心包摩擦音。    腹部：形态正常 ，腹式呼吸存在 ，无 腹壁静脉曲张，未见 胃肠形和蠕动波。腹软 ，肝脏未触及 ；胆囊未触及 ，莫非氏征（murph sign）阴性；脾脏未触及 ；无移动性浊音，肠鸣音正常。    肛门及外生殖器：未查。    脊柱：无畸形 ；四肢无畸形 。双侧 下肢无水肿    神经反射：膝反射正常 ，跟腱反射正常 。巴彬斯基征（- ），脑膜刺激征（- ）。]]></value>
                        </observation>
                    </entry>
                    <!--体格检查-肛门指诊检查结果-->
                    <entry>
                        <observation classCode="OBS" moodCode="EVN">
                            <code code="DE04.10.065.00"
                                codeSystem="2.16.156.10011.2.2.1"
                                codeSystemName="卫生信息数据元目录" displayName="肛门指诊检查结果描述"/>
                            <value xsi:type="ST"><![CDATA[T:36.5 ℃ P:74 次/分 R:18 次/分 BP:125/74 mmHg    一般情况：发育正常 ，营养良好 ，体型正常 ，自动 体位，正常面容与表情 ，面色红润 ，意识清醒 ，姿势步态：正常 ，检查合作 ，对答切题 。    皮肤、粘膜：色泽正常 ，皮温正常 ，无 脱水，无 粘膜溃疡，无 皮下结节或肿块，无 蜘蛛痣。    全身浅表淋巴结：无 肿大。    头颅：大小形态正常 。巩膜正常 ，瞳孔大小正常 。外耳道无分泌物 。鼻无 畸形，无 鼻翼扇动。口唇红润 。伸舌居中、形态正常、运动正常 。咽无充血 ，扁桃体正常 。    颈部：正常 ，颈动脉搏动正常 ，颈静脉无明显搏动 ，气管居中 ，甲状腺大小正常 。    胸部：胸廓正常 。无 胸骨叩击痛，乳房对称 。    肺部：呼吸运动正常 ，肋间隙正常 。双侧 语颤正常 ，无 胸膜摩擦感，双肺 叩诊清音 ，双 肺呼吸音正常 ，双肺 未闻及 干湿性啰音 。    心：心前区无隆起 ，心尖搏动位于第五肋间左锁骨中线内 侧0.5 厘米，搏动正常 ，无 抬举性心尖搏动，无 心前区震颤，无 心包摩擦感；心浊音界正常 ；心率74 次/分，心律齐 ，心音正常 ，未 闻及额外心音，无 心脏杂音，未闻及 心包摩擦音。    腹部：形态正常 ，腹式呼吸存在 ，无 腹壁静脉曲张，未见 胃肠形和蠕动波。腹软 ，肝脏未触及 ；胆囊未触及 ，莫非氏征（murph sign）阴性；脾脏未触及 ；无移动性浊音，肠鸣音正常。    肛门及外生殖器：未查。    脊柱：无畸形 ；四肢无畸形 。双侧 下肢无水肿    神经反射：膝反射正常 ，跟腱反射正常 。巴彬斯基征（- ），脑膜刺激征（- ）。]]></value>
                        </observation>
                    </entry>
                    <!--体格检查-外生殖器检查结果-->
                    <entry>
                        <observation classCode="OBS" moodCode="EVN">
                            <code code="DE04.10.195.00"
                                codeSystem="2.16.156.10011.2.2.1"
                                codeSystemName="卫生信息数据元目录" displayName="外生殖器检查结果"/>
                            <value xsi:type="ST"><![CDATA[T:36.5 ℃ P:74 次/分 R:18 次/分 BP:125/74 mmHg    一般情况：发育正常 ，营养良好 ，体型正常 ，自动 体位，正常面容与表情 ，面色红润 ，意识清醒 ，姿势步态：正常 ，检查合作 ，对答切题 。    皮肤、粘膜：色泽正常 ，皮温正常 ，无 脱水，无 粘膜溃疡，无 皮下结节或肿块，无 蜘蛛痣。    全身浅表淋巴结：无 肿大。    头颅：大小形态正常 。巩膜正常 ，瞳孔大小正常 。外耳道无分泌物 。鼻无 畸形，无 鼻翼扇动。口唇红润 。伸舌居中、形态正常、运动正常 。咽无充血 ，扁桃体正常 。    颈部：正常 ，颈动脉搏动正常 ，颈静脉无明显搏动 ，气管居中 ，甲状腺大小正常 。    胸部：胸廓正常 。无 胸骨叩击痛，乳房对称 。    肺部：呼吸运动正常 ，肋间隙正常 。双侧 语颤正常 ，无 胸膜摩擦感，双肺 叩诊清音 ，双 肺呼吸音正常 ，双肺 未闻及 干湿性啰音 。    心：心前区无隆起 ，心尖搏动位于第五肋间左锁骨中线内 侧0.5 厘米，搏动正常 ，无 抬举性心尖搏动，无 心前区震颤，无 心包摩擦感；心浊音界正常 ；心率74 次/分，心律齐 ，心音正常 ，未 闻及额外心音，无 心脏杂音，未闻及 心包摩擦音。    腹部：形态正常 ，腹式呼吸存在 ，无 腹壁静脉曲张，未见 胃肠形和蠕动波。腹软 ，肝脏未触及 ；胆囊未触及 ，莫非氏征（murph sign）阴性；脾脏未触及 ；无移动性浊音，肠鸣音正常。    肛门及外生殖器：未查。    脊柱：无畸形 ；四肢无畸形 。双侧 下肢无水肿    神经反射：膝反射正常 ，跟腱反射正常 。巴彬斯基征（- ），脑膜刺激征（- ）。]]></value>
                        </observation>
                    </entry>
                    <!--体格检查-脊柱检查结果-->
                    <entry>
                        <observation classCode="OBS" moodCode="EVN">
                            <code code="DE04.10.093.00"
                                codeSystem="2.16.156.10011.2.2.1"
                                codeSystemName="卫生信息数据元目录" displayName="脊柱检查结果"/>
                            <value xsi:type="ST"><![CDATA[T:36.5 ℃ P:74 次/分 R:18 次/分 BP:125/74 mmHg    一般情况：发育正常 ，营养良好 ，体型正常 ，自动 体位，正常面容与表情 ，面色红润 ，意识清醒 ，姿势步态：正常 ，检查合作 ，对答切题 。    皮肤、粘膜：色泽正常 ，皮温正常 ，无 脱水，无 粘膜溃疡，无 皮下结节或肿块，无 蜘蛛痣。    全身浅表淋巴结：无 肿大。    头颅：大小形态正常 。巩膜正常 ，瞳孔大小正常 。外耳道无分泌物 。鼻无 畸形，无 鼻翼扇动。口唇红润 。伸舌居中、形态正常、运动正常 。咽无充血 ，扁桃体正常 。    颈部：正常 ，颈动脉搏动正常 ，颈静脉无明显搏动 ，气管居中 ，甲状腺大小正常 。    胸部：胸廓正常 。无 胸骨叩击痛，乳房对称 。    肺部：呼吸运动正常 ，肋间隙正常 。双侧 语颤正常 ，无 胸膜摩擦感，双肺 叩诊清音 ，双 肺呼吸音正常 ，双肺 未闻及 干湿性啰音 。    心：心前区无隆起 ，心尖搏动位于第五肋间左锁骨中线内 侧0.5 厘米，搏动正常 ，无 抬举性心尖搏动，无 心前区震颤，无 心包摩擦感；心浊音界正常 ；心率74 次/分，心律齐 ，心音正常 ，未 闻及额外心音，无 心脏杂音，未闻及 心包摩擦音。    腹部：形态正常 ，腹式呼吸存在 ，无 腹壁静脉曲张，未见 胃肠形和蠕动波。腹软 ，肝脏未触及 ；胆囊未触及 ，莫非氏征（murph sign）阴性；脾脏未触及 ；无移动性浊音，肠鸣音正常。    肛门及外生殖器：未查。    脊柱：无畸形 ；四肢无畸形 。双侧 下肢无水肿    神经反射：膝反射正常 ，跟腱反射正常 。巴彬斯基征（- ），脑膜刺激征（- ）。]]></value>
                        </observation>
                    </entry>
                    <!--体格检查-四肢检查结果-->
                    <entry>
                        <observation classCode="OBS" moodCode="EVN">
                            <code code="DE04.10.179.00"
                                codeSystem="2.16.156.10011.2.2.1"
                                codeSystemName="卫生信息数据元目录" displayName="四肢检查结果"/>
                            <value xsi:type="ST"><![CDATA[T:36.5 ℃ P:74 次/分 R:18 次/分 BP:125/74 mmHg    一般情况：发育正常 ，营养良好 ，体型正常 ，自动 体位，正常面容与表情 ，面色红润 ，意识清醒 ，姿势步态：正常 ，检查合作 ，对答切题 。    皮肤、粘膜：色泽正常 ，皮温正常 ，无 脱水，无 粘膜溃疡，无 皮下结节或肿块，无 蜘蛛痣。    全身浅表淋巴结：无 肿大。    头颅：大小形态正常 。巩膜正常 ，瞳孔大小正常 。外耳道无分泌物 。鼻无 畸形，无 鼻翼扇动。口唇红润 。伸舌居中、形态正常、运动正常 。咽无充血 ，扁桃体正常 。    颈部：正常 ，颈动脉搏动正常 ，颈静脉无明显搏动 ，气管居中 ，甲状腺大小正常 。    胸部：胸廓正常 。无 胸骨叩击痛，乳房对称 。    肺部：呼吸运动正常 ，肋间隙正常 。双侧 语颤正常 ，无 胸膜摩擦感，双肺 叩诊清音 ，双 肺呼吸音正常 ，双肺 未闻及 干湿性啰音 。    心：心前区无隆起 ，心尖搏动位于第五肋间左锁骨中线内 侧0.5 厘米，搏动正常 ，无 抬举性心尖搏动，无 心前区震颤，无 心包摩擦感；心浊音界正常 ；心率74 次/分，心律齐 ，心音正常 ，未 闻及额外心音，无 心脏杂音，未闻及 心包摩擦音。    腹部：形态正常 ，腹式呼吸存在 ，无 腹壁静脉曲张，未见 胃肠形和蠕动波。腹软 ，肝脏未触及 ；胆囊未触及 ，莫非氏征（murph sign）阴性；脾脏未触及 ；无移动性浊音，肠鸣音正常。    肛门及外生殖器：未查。    脊柱：无畸形 ；四肢无畸形 。双侧 下肢无水肿    神经反射：膝反射正常 ，跟腱反射正常 。巴彬斯基征（- ），脑膜刺激征（- ）。]]></value>
                        </observation>
                    </entry>
                    <!--体格检查-神经系统检查结果-->
                    <entry>
                        <observation classCode="OBS" moodCode="EVN">
                            <code code="DE05.10.149.00"
                                codeSystem="2.16.156.10011.2.2.1"
                                codeSystemName="卫生信息数据元目录" displayName="神经系统检查结果"/>
                            <value xsi:type="ST"><![CDATA[T:36.5 ℃ P:74 次/分 R:18 次/分 BP:125/74 mmHg    一般情况：发育正常 ，营养良好 ，体型正常 ，自动 体位，正常面容与表情 ，面色红润 ，意识清醒 ，姿势步态：正常 ，检查合作 ，对答切题 。    皮肤、粘膜：色泽正常 ，皮温正常 ，无 脱水，无 粘膜溃疡，无 皮下结节或肿块，无 蜘蛛痣。    全身浅表淋巴结：无 肿大。    头颅：大小形态正常 。巩膜正常 ，瞳孔大小正常 。外耳道无分泌物 。鼻无 畸形，无 鼻翼扇动。口唇红润 。伸舌居中、形态正常、运动正常 。咽无充血 ，扁桃体正常 。    颈部：正常 ，颈动脉搏动正常 ，颈静脉无明显搏动 ，气管居中 ，甲状腺大小正常 。    胸部：胸廓正常 。无 胸骨叩击痛，乳房对称 。    肺部：呼吸运动正常 ，肋间隙正常 。双侧 语颤正常 ，无 胸膜摩擦感，双肺 叩诊清音 ，双 肺呼吸音正常 ，双肺 未闻及 干湿性啰音 。    心：心前区无隆起 ，心尖搏动位于第五肋间左锁骨中线内 侧0.5 厘米，搏动正常 ，无 抬举性心尖搏动，无 心前区震颤，无 心包摩擦感；心浊音界正常 ；心率74 次/分，心律齐 ，心音正常 ，未 闻及额外心音，无 心脏杂音，未闻及 心包摩擦音。    腹部：形态正常 ，腹式呼吸存在 ，无 腹壁静脉曲张，未见 胃肠形和蠕动波。腹软 ，肝脏未触及 ；胆囊未触及 ，莫非氏征（murph sign）阴性；脾脏未触及 ；无移动性浊音，肠鸣音正常。    肛门及外生殖器：未查。    脊柱：无畸形 ；四肢无畸形 。双侧 下肢无水肿    神经反射：膝反射正常 ，跟腱反射正常 。巴彬斯基征（- ），脑膜刺激征（- ）。]]></value>
                        </observation>
                    </entry>
                    <!--专科情况-->
                    <entry>
                        <observation classCode="OBS" moodCode="EVN">
                            <code code="DE08.10.061.00"
                                codeSystem="2.16.156.10011.2.2.1"
                                codeSystemName="卫生信息数据元目录" displayName="专科情况"/>
                            <value xsi:type="ST"><![CDATA[双肾未触及，双肾区无红肿、隆起，左肾区叩击痛（-），右肾区叩击痛（+），双侧肋脊点、肋腰点压痛（-）。腹平软，左侧输尿管走行区压痛（-），右侧输尿管走行区压痛（-），膀胱区无膨隆，压痛阴性。]]></value>
                        </observation>
                    </entry>
                </section>
            </component>
            <!--辅助检查章节-->
            <component>
                <section>
                    <code displayName="辅助检查"/>
                    <text/>
                    <!--辅助检查结果条目-->
                    <entry>
                        <observation classCode="OBS" moodCode="EVN">
                            <code code="DE04.30.009.00"
                                codeSystem="2.16.156.10011.2.2.1"
                                codeSystemName="卫生信息数据元目录" displayName="辅助检查结果"/>
                            <value xsi:type="ST"><![CDATA[2022-05-04 彩超:泌尿系（双肾、输尿管、膀胱）:右肾多发性结石。右输尿管第一狭窄处结石并右肾轻度积水。左肾、膀胱未见明显异常声像。 2022-05-04 尿液分析全套(尿常规+尿液分析+尿沉渣分析）:白细胞 WBC ++个/μl↑，蛋白质 PRO ++g/L↑，白细胞（镜下） WBC（JX） +++/HP↑，红细胞（镜下） RBC(JX) ++/HP↑，尿隐血 BLD +++个/μl↑。]]></value>
                        </observation>
                    </entry>
                </section>
            </component>
            <!-- 
********************************************************
主要健康问题章节
********************************************************
-->
            <component>
                <section>
                    <code code="11450-4"
                        codeSystem="2.16.840.1.113883.6.1"
                        codeSystemName="LOINC" displayName="PROBLEM LIST"/>
                    <text/>
                    <!--陈述内容可靠标志-->
                    <entry>
                        <observation classCode="OBS" moodCode="EVN">
                            <code code="DE05.10.143.00"
                                codeSystem="2.16.156.10011.2.2.1"
                                codeSystemName="卫生信息数据元目录" displayName="陈述内容可靠标志"/>
                            <value value="true" xsi:type="BL"/>
                        </observation>
                    </entry>
                    <!--初步诊断-西医条目-->
                    <entry>
                        <!--初步诊断编码-->
                        <observation classCode="OBS" moodCode="EVN">
                            <code code="DE05.01.025.00"
                                codeSystem="2.16.156.10011.2.2.1"
                                codeSystemName="卫生信息数据元目录" displayName="初步诊断-西医诊断名称"/>
                            <!--初步诊断日期-->
                            <effectiveTime value="20220504"/>
                            <value xsi:type="ST">输尿管结石</value>
                            <entryRelationship typeCode="COMP">
                                <observation classCode="OBS" moodCode="EVN">
                                    <!--初步诊断-西医诊断编码-代码-->
                                    <code code="DE05.01.024.00"
                                    codeSystem="2.16.156.10011.2.2.1"
                                    codeSystemName="卫生信息数据元目录" displayName="初步诊断-西医诊断编码"/>
                                    <value code="N20.100"
                                    codeSystem="2.16.156.10011.2.3.3.11"
                                    codeSystemName="ICD-10"
                                    displayName="输尿管结石" xsi:type="CD"/>
                                </observation>
                            </entryRelationship>
                            <!--入院诊断顺位-->
                            <entryRelationship typeCode="COMP">
                                <observation classCode="OBS" moodCode="EVN">
                                    <code code="DE05.01.080.00"
                                    codeSystem="2.16.156.10011.2.2.1"
                                    codeSystemName="卫生信息数据元目录" displayName="入院诊断顺位"/>
                                    <value value="01" xsi:type="INT"/>
                                </observation>
                            </entryRelationship>
                        </observation>
                    </entry>
                    <!--中医“四诊”观察结果-->
                    <entry>
                        <observation classCode="OBS" moodCode="EVN">
                            <code code="DE02.10.028.00"
                                codeSystem="2.16.156.10011.2.2.1"
                                codeSystemName="卫生信息数据元目录" displayName="中医“四诊”观察结果"/>
                            <value xsi:type="ST"><![CDATA[-]]></value>
                        </observation>
                    </entry>
                    <!--初步诊断-中医条目-->
                    <entry>
                        <observation classCode="OBS" moodCode="EVN">
                            <code code="DE05.10.172.00"
                                codeSystem="2.16.156.10011.2.2.1"
                                codeSystemName="卫生信息数据元目录" displayName="初步诊断-中医病名名称"/>
                            <!--初步诊断日期-->
                            <effectiveTime value="20220504"/>
                            <value xsi:type="ST">其他证候类术语</value>
                            <entryRelationship typeCode="COMP">
                                <observation classCode="OBS" moodCode="EVN">
                                    <!--初步诊断-中医诊断编码-代码-->
                                    <code code="DE05.10.130.00"
                                    codeSystem="2.16.156.10011.2.2.1"
                                    codeSystemName="卫生信息数据元目录" displayName="初步诊断-中医病名代码"/>
                                    <value code="B09."
                                    codeSystem="2.16.156.10011.2.3.3.14"
                                    codeSystemName="中医病证分类与代码表( GB/T 15657)"
                                    displayName="其他证候类术语" xsi:type="CD"/>
                                </observation>
                            </entryRelationship>
                            <entryRelationship typeCode="COMP">
                                <observation classCode="OBS" moodCode="EVN">
                                    <!--初步诊断-中医证候编码-名称-->
                                    <code code="DE05.10.172.00"
                                    codeSystem="2.16.156.10011.2.2.1"
                                    codeSystemName="卫生信息数据元目录" displayName="初步诊断-中医证候名称"/>
                                    <value xsi:type="ST">其他证候类术语</value>
                                </observation>
                            </entryRelationship>
                            <entryRelationship typeCode="COMP">
                                <observation classCode="OBS" moodCode="EVN">
                                    <!--初步诊断-中医证候编码-代码-->
                                    <code code="DE05.10.130.00"
                                    codeSystem="2.16.156.10011.2.2.1"
                                    codeSystemName="卫生信息数据元目录" displayName="初步诊断-中医证候代码"/>
                                    <value code="B09."
                                    codeSystem="2.16.156.10011.2.3.3.14"
                                    codeSystemName="中医病证分类与代码表( GB/T 15657)"
                                    displayName="其他证候类术语" xsi:type="CD"/>
                                </observation>
                            </entryRelationship>
                            <!--入院诊断顺位-->
                            <entryRelationship typeCode="COMP">
                                <observation classCode="OBS" moodCode="EVN">
                                    <code code="DE05.01.080.00"
                                    codeSystem="2.16.156.10011.2.2.1"
                                    codeSystemName="卫生信息数据元目录" displayName="入院诊断顺位"/>
                                    <value value="01" xsi:type="INT"/>
                                </observation>
                            </entryRelationship>
                        </observation>
                    </entry>
                    <!--修正诊断-西医条目-->
                    <entry>
                        <!--修正诊断编码-->
                        <observation classCode="OBS" moodCode="EVN">
                            <code code="DE05.01.025.00"
                                codeSystem="2.16.156.10011.2.2.1"
                                codeSystemName="卫生信息数据元目录" displayName="修正诊断-西医诊断名称"/>
                            <!--修正诊断日期-->
                            <effectiveTime value="20220504"/>
                            <value xsi:type="ST">输尿管结石</value>
                            <entryRelationship typeCode="COMP">
                                <observation classCode="OBS" moodCode="EVN">
                                    <!--修正诊断-西医诊断编码-代码-->
                                    <code code="DE05.01.024.00"
                                    codeSystem="2.16.156.10011.2.2.1"
                                    codeSystemName="卫生信息数据元目录" displayName="修正诊断-西医诊断编码"/>
                                    <value code="N20.100"
                                    codeSystem="2.16.156.10011.2.3.3.11"
                                    codeSystemName="ICD-10"
                                    displayName="输尿管结石" xsi:type="CD"/>
                                </observation>
                            </entryRelationship>
                            <!--入院诊断顺位-->
                            <entryRelationship typeCode="COMP">
                                <observation classCode="OBS" moodCode="EVN">
                                    <code code="DE05.01.080.00"
                                    codeSystem="2.16.156.10011.2.2.1"
                                    codeSystemName="卫生信息数据元目录" displayName="入院诊断顺位"/>
                                    <value value="01" xsi:type="INT"/>
                                </observation>
                            </entryRelationship>
                        </observation>
                    </entry>
                    <!--修正诊断-中医条目-->
                    <entry>
                        <observation classCode="OBS" moodCode="EVN">
                            <code code="DE05.10.172.00"
                                codeSystem="2.16.156.10011.2.2.1"
                                codeSystemName="卫生信息数据元目录" displayName="修正诊断-中医病名名称"/>
                            <!--修正诊断日期-->
                            <effectiveTime value="20220504"/>
                            <value xsi:type="ST">其他证候类术语</value>
                            <entryRelationship typeCode="COMP">
                                <observation classCode="OBS" moodCode="EVN">
                                    <!--修正诊断-中医诊断编码-代码-->
                                    <code code="DE05.10.130.00"
                                    codeSystem="2.16.156.10011.2.2.1"
                                    codeSystemName="卫生信息数据元目录" displayName="修正诊断-中医病名代码"/>
                                    <value code="B09."
                                    codeSystem="2.16.156.10011.2.3.3.14"
                                    codeSystemName="中医病证分类与代码表( GB/T 15657)"
                                    displayName="其他证候类术语" xsi:type="CD"/>
                                </observation>
                            </entryRelationship>
                            <entryRelationship typeCode="COMP">
                                <observation classCode="OBS" moodCode="EVN">
                                    <!--修正诊断-中医证候编码-名称-->
                                    <code code="DE05.10.172.00"
                                    codeSystem="2.16.156.10011.2.2.1"
                                    codeSystemName="卫生信息数据元目录" displayName="修正诊断-中医证候名称"/>
                                    <value xsi:type="ST">其他证候类术语</value>
                                </observation>
                            </entryRelationship>
                            <entryRelationship typeCode="COMP">
                                <observation classCode="OBS" moodCode="EVN">
                                    <!--修正诊断-中医证候编码-代码-->
                                    <code code="DE05.10.130.00"
                                    codeSystem="2.16.156.10011.2.2.1"
                                    codeSystemName="卫生信息数据元目录" displayName="修正诊断-中医证候代码"/>
                                    <value code="B09."
                                    codeSystem="2.16.156.10011.2.3.3.14"
                                    codeSystemName="中医病证分类与代码表( GB/T 15657)"
                                    displayName="其他证候类术语" xsi:type="CD"/>
                                </observation>
                            </entryRelationship>
                            <!--入院诊断顺位-->
                            <entryRelationship typeCode="COMP">
                                <observation classCode="OBS" moodCode="EVN">
                                    <code code="DE05.01.080.00"
                                    codeSystem="2.16.156.10011.2.2.1"
                                    codeSystemName="卫生信息数据元目录" displayName="入院诊断顺位"/>
                                    <value value="01" xsi:type="INT"/>
                                </observation>
                            </entryRelationship>
                        </observation>
                    </entry>
                    <!--确定诊断-西医条目-->
                    <entry>
                        <observation classCode="OBS" moodCode="EVN">
                            <code code="DE05.01.025.00"
                                codeSystem="2.16.156.10011.2.2.1"
                                codeSystemName="卫生信息数据元目录" displayName="确定诊断-西医诊断名称"/>
                            <!--确定诊断日期-->
                            <effectiveTime value="20220504"/>
                            <value xsi:type="ST">输尿管结石</value>
                            <entryRelationship typeCode="COMP">
                                <observation classCode="OBS" moodCode="EVN">
                                    <!--确定诊断-西医诊断编码-代码-->
                                    <code code="DE05.01.024.00"
                                    codeSystem="2.16.156.10011.2.2.1"
                                    codeSystemName="卫生信息数据元目录" displayName="确定诊断-西医诊断编码"/>
                                    <value code="N20.100"
                                    codeSystem="2.16.156.10011.2.3.3.11"
                                    codeSystemName="ICD-10"
                                    displayName="输尿管结石" xsi:type="CD"/>
                                </observation>
                            </entryRelationship>
                            <!--入院诊断顺位-->
                            <entryRelationship typeCode="COMP">
                                <observation classCode="OBS" moodCode="EVN">
                                    <code code="DE05.01.080.00"
                                    codeSystem="2.16.156.10011.2.2.1"
                                    codeSystemName="卫生信息数据元目录" displayName="入院诊断顺位"/>
                                    <value value="01" xsi:type="INT"/>
                                </observation>
                            </entryRelationship>
                        </observation>
                    </entry>
                    <!--确定诊断-中医条目-->
                    <entry>
                        <observation classCode="OBS" moodCode="EVN">
                            <code code="DE05.10.172.00"
                                codeSystem="2.16.156.10011.2.2.1"
                                codeSystemName="卫生信息数据元目录" displayName="确定诊断-中医病名名称"/>
                            <!--确定诊断日期-->
                            <effectiveTime value="20220504"/>
                            <value xsi:type="ST">其他证候类术语</value>
                            <entryRelationship typeCode="COMP">
                                <observation classCode="OBS" moodCode="EVN">
                                    <!--确定诊断-中医诊断编码-代码-->
                                    <code code="DE05.10.130.00"
                                    codeSystem="2.16.156.10011.2.2.1"
                                    codeSystemName="卫生信息数据元目录" displayName="确定诊断-中医病名代码"/>
                                    <value code="B09."
                                    codeSystem="2.16.156.10011.2.3.3.14"
                                    codeSystemName="中医病证分类与代码表( GB/T 15657)"
                                    displayName="其他证候类术语" xsi:type="CD"/>
                                </observation>
                            </entryRelationship>
                            <entryRelationship typeCode="COMP">
                                <observation classCode="OBS" moodCode="EVN">
                                    <!--确定诊断-中医证候编码-名称-->
                                    <code code="DE05.10.172.00"
                                    codeSystem="2.16.156.10011.2.2.1"
                                    codeSystemName="卫生信息数据元目录" displayName="确定诊断-中医证候名称"/>
                                    <value xsi:type="ST">其他证候类术语</value>
                                </observation>
                            </entryRelationship>
                            <entryRelationship typeCode="COMP">
                                <observation classCode="OBS" moodCode="EVN">
                                    <!--确定诊断-中医证候编码-代码-->
                                    <code code="DE05.10.130.00"
                                    codeSystem="2.16.156.10011.2.2.1"
                                    codeSystemName="卫生信息数据元目录" displayName="确定诊断-中医证候代码"/>
                                    <value code="B09."
                                    codeSystem="2.16.156.10011.2.3.3.14"
                                    codeSystemName="中医病证分类与代码表( GB/T 15657)"
                                    displayName="其他证候类术语" xsi:type="CD"/>
                                </observation>
                            </entryRelationship>
                            <!--入院诊断顺位-->
                            <entryRelationship typeCode="COMP">
                                <observation classCode="OBS" moodCode="EVN">
                                    <code code="DE05.01.080.00"
                                    codeSystem="2.16.156.10011.2.2.1"
                                    codeSystemName="卫生信息数据元目录" displayName="入院诊断顺位"/>
                                    <value value="01" xsi:type="INT"/>
                                </observation>
                            </entryRelationship>
                        </observation>
                    </entry>
                    <!--补充诊断-西医条目-->
                </section>
            </component>
            <!--治疗计划章节-->
            <component>
                <section>
                    <code code="18776-5"
                        codeSystem="2.16.840.1.113883.6.1"
                        codeSystemName="LOINC" displayName="TREATMENT PLAN"/>
                    <text/>
                    <!--治则治法条目-->
                    <entry>
                        <observation classCode="OBS" moodCode="EVN">
                            <code code="DE06.00.300.00"
                                codeSystem="2.16.156.10011.2.2.1"
                                codeSystemName="卫生信息数据元目录" displayName="治则治法"/>
                            <value xsi:type="ST"><![CDATA[-]]></value>
                        </observation>
                    </entry>
                </section>
            </component>
        </structuredBody>
    </component>
</ClinicalDocument>
