<?xml version="1.0" encoding="UTF-8"?>
<ClinicalDocument xmlns="urn:hl7-org:v3" xmlns:mif="urn:hl7-org:v3/mif"
    xmlns:xsi="http://www.w3.org/2001/XMLSchema-instance" xsi:schemaLocation="urn:hl7-org:v3 ..\sdschemas\SDA.xsd">
    <realmCode code="CN"/>
    <typeId extension="POCD_MT000040" root="2.16.840.1.113883.1.3"/>
    <templateId root="2.16.156.10011.2.1.1.67"/>
    <!-- 文档流水号 -->
    <id extension="C0047_9810852||1" root="2.16.156.10011.1.1"/>
    <code code="C0047" codeSystem="2.16.156.10011.2.4" codeSystemName="卫生信息共享文档编码体系"/>
    <!--title-->
    <title>术前讨论</title>
    <!-- 文档机器生成时间 -->
    <effectiveTime value="20220519000000"/>
    <confidentialityCode code="N" codeSystem="2.16.840.1.113883.5.25"
        codeSystemName="Confidentiality" displayName="正常访问保密级别"/>
    <languageCode code="zh-CN"/>
    <setId/>
    <versionNumber/>
    <recordTarget contextControlCode="OP" typeCode="RCT">
        <patientRole classCode="PAT">
            <!--住院号 -->
            <id extension="00402772" root="2.16.156.10011.1.12"/>
            <patient classCode="PSN" determinerCode="INSTANCE">
                <!--患者身份证号标识-->
                <id extension="440301196105100422" root="2.16.156.10011.1.3"/>
                <name>邓仕梅</name>
                <administrativeGenderCode code="2"
                    codeSystem="2.16.156.10011.2.3.3.4"
                    codeSystemName="生理性别代码表(GB/T 2261.1)" displayName="女性"/>
                <age unit="岁" value="60"/>
            </patient>
            <!--讨论的日期时间-->
            <providerOrganization classCode="ORG" determinerCode="INSTANCE">
                <asOrganizationPartOf classCode="PART">
                    <!--讨论时间 -->
                    <effectiveTime value="20220508114949"/>
                    <wholeOrganization>
                        <addr>泌尿外科</addr>
                    </wholeOrganization>
                </asOrganizationPartOf>
            </providerOrganization>
        </patientRole>
    </recordTarget>
    <author contextControlCode="OP" typeCode="AUT">
        <time value="20220615040201"/>
        <assignedAuthor classCode="ASSIGNED">
            <id extension="3632" root="2.16.156.10011.1.7"/>
            <assignedPerson>
                <name>黎剑淼</name>
            </assignedPerson>
        </assignedAuthor>
    </author>
    <custodian typeCode="CST">
        <assignedCustodian classCode="ASSIGNED">
            <representedCustodianOrganization classCode="ORG" determinerCode="INSTANCE">
                <id extension="1244030345" root="2.16.156.10011.1.5"/>
                <name>罗湖区人民医院</name>
            </representedCustodianOrganization>
        </assignedCustodian>
    </custodian>
    <authenticator>
        <!-- DE09.00.053.00	签名日期时间  -->
        <time value="20220508114949"/>
        <signatureCode/>
        <assignedEntity>
            <id extension="3632" root="2.16.156.10011.1.4"/>
            <code displayName="手术者"/>
            <assignedPerson>
                <name>黎剑淼</name>
                <professionalTechnicalPosition>
                    <professionaltechnicalpositionCode code="3"
                        codeSystem="2.16.156.10011.2.3.1.209"
                        codeSystemName="专业技术职务类别代码表" displayName="中级"/>
                </professionalTechnicalPosition>
            </assignedPerson>
        </assignedEntity>
    </authenticator>
    <authenticator>
        <!-- DE09.00.053.00	签名日期时间  -->
        <time value="20220508114949"/>
        <signatureCode/>
        <assignedEntity>
            <id extension="3632" root="2.16.156.10011.1.4"/>
            <code displayName="麻醉医师"/>
            <assignedPerson>
                <name>黎剑淼</name>
                <professionalTechnicalPosition>
                    <professionaltechnicalpositionCode code="3"
                        codeSystem="2.16.156.10011.2.3.1.209"
                        codeSystemName="专业技术职务类别代码表" displayName="中级"/>
                </professionalTechnicalPosition>
            </assignedPerson>
        </assignedEntity>
    </authenticator>
    <authenticator>
        <!-- DE09.00.053.00	签名日期时间  -->
        <time value="20220508114949"/>
        <signatureCode/>
        <assignedEntity>
            <id extension="3632" root="2.16.156.10011.1.4"/>
            <code displayName="医师"/>
            <assignedPerson>
                <name>黎剑淼</name>
                <professionalTechnicalPosition>
                    <professionaltechnicalpositionCode code="3"
                        codeSystem="2.16.156.10011.2.3.1.209"
                        codeSystemName="专业技术职务类别代码表" displayName="中级"/>
                </professionalTechnicalPosition>
            </assignedPerson>
        </assignedEntity>
    </authenticator>
    <!--讨论成员信息-->
    <participant typeCode="CON">
        <associatedEntity classCode="ECON">
            <!--参加讨论人员名单-->
            <associatedPerson>
                <name><![CDATA[杨江根、黄英主任医师，黄桂晓、黄谋、段启林副主任医师，曾静、甘露、姜刚刚主治医师，熊星主治医师、黎剑淼医师、张文娟副主任护师等。]]></name>
            </associatedPerson>
            <!--scopingOrganization>
				<讨论地点>
				<addr>讨论地点：XX会议室</addr>
			</scopingOrganization-->
        </associatedEntity>
    </participant>
    <!--讨论主持人信息-->
    <participant typeCode="ORG">
        <associatedEntity classCode="ECON">
            <id extension="杨江根主任医师" root="2.16.156.10011.1.4"/>
            <associatedPerson>
                <!--主持人姓名-->
                <name>杨江根主任医师</name>
            </associatedPerson>
        </associatedEntity>
    </participant>
    <relatedDocument typeCode="RPLC">
        <parentDocument>
            <id/>
            <setId/>
            <versionNumber/>
        </parentDocument>
    </relatedDocument>
    <!-- 病床号、病房、病区、科室和医院的关联 -->
    <componentOf>
        <encompassingEncounter>
            <effectiveTime/>
            <location>
                <healthCareFacility>
                    <serviceProviderOrganization>
                        <asOrganizationPartOf classCode="PART">
                            <!--HDSD00.09.003	DE01.00.026.00	病床号 -->
                            <wholeOrganization classCode="ORG" determinerCode="INSTANCE">
                                <id extension="08" root="2.16.156.10011.1.22"/>
                                <name>08</name>
                                <!--HDSD00.09.004	DE01.00.019.00	病房号 -->
                                <asOrganizationPartOf classCode="PART">
                                    <wholeOrganization classCode="ORG" determinerCode="INSTANCE">
                                    <id extension="1102-" root="2.16.156.10011.1.21"/>
                                    <name>1102</name>
                                    <!--HDSD00.09.036	DE08.10.026.00	科室名称 -->
                                    <asOrganizationPartOf classCode="PART">
                                    <wholeOrganization
                                    classCode="ORG" determinerCode="INSTANCE">
                                    <id extension="30014" root="2.16.156.10011.1.26"/>
                                    <name>泌尿外科</name>
                                    <!--HDSD00.09.005	DE08.10.054.00	病区名称 -->
                                    <asOrganizationPartOf classCode="PART">
                                    <wholeOrganization
                                    classCode="ORG" determinerCode="INSTANCE">
                                    <id
                                    extension="40012" root="2.16.156.10011.1.27"/>
                                    <name>外三病区</name>
                                    <!--XXX医院 -->

                                    <asOrganizationPartOf classCode="PART">

                                    <wholeOrganization
                                    classCode="ORG" determinerCode="INSTANCE">
                                    <id
                                    extension="1244030345" root="2.16.156.10011.1.5"/>
                                    <name>罗湖区人民医院</name>
                                    </wholeOrganization>
                                    </asOrganizationPartOf>
                                    </wholeOrganization>
                                    </asOrganizationPartOf>
                                    </wholeOrganization>
                                    </asOrganizationPartOf>
                                    </wholeOrganization>
                                </asOrganizationPartOf>
                            </wholeOrganization>
                        </asOrganizationPartOf>
                    </serviceProviderOrganization>
                </healthCareFacility>
            </location>
        </encompassingEncounter>
    </componentOf>
    <component>
        <structuredBody>
            <!--术前诊断章节-->
            <component>
                <section>
                    <code code="10219-4"
                        codeSystem="2.16.840.1.113883.6.1"
                        codeSystemName="LOINC" displayName="Surgical operation note preoperative Dx"/>
                    <text/>
                    <entry>
                        <observation classCode="OBS" moodCode="EVN">
                            <code code="DE05.01.024.00"
                                codeSystem="2.16.156.10011.2.2.1"
                                codeSystemName="卫生信息数据元目录" displayName="术前诊断编码"/>
                            <value code="N20.100"
                                codeSystem="2.16.156.10011.2.3.3.11"
                                codeSystemName="ICD-10"
                                displayName="输尿管结石" xsi:type="CD"/>
                        </observation>
                    </entry>
                    <entry>
                        <observation classCode="OBS" moodCode="EVN">
                            <code code="DE06.00.092.00"
                                codeSystem="2.16.156.10011.2.2.1"
                                codeSystemName="卫生信息数据元目录" displayName="入院日期时间"/>
                            <value value="20220504112001" xsi:type="TS"/>
                        </observation>
                    </entry>
                </section>
            </component>
            <!--治疗计划章节-->
            <component>
                <section>
                    <code code="18776-5"
                        codeSystem="2.16.840.1.113883.6.1"
                        codeSystemName="LOINC" displayName="TREATMENT PLAN"/>
                    <text/>
                    <entry>
                        <observation classCode="OBS" moodCode="EVN">
                            <code code="DE06.00.094.00"
                                codeSystem="2.16.156.10011.2.2.1"
                                codeSystemName="卫生信息数据元目录" displayName="拟实施手术及操作名称"/>
                            <value xsi:type="ST">经尿道右侧输尿管软镜钬激光碎石术+输尿管支架置入术</value>
                        </observation>
                    </entry>
                    <entry>
                        <observation classCode="OBS" moodCode="EVN">
                            <code code="DE06.00.093.00"
                                codeSystem="2.16.156.10011.2.2.1"
                                codeSystemName="卫生信息数据元目录" displayName="拟实施手术及操作编码"/>
                            <value code="-"
                                codeSystem="2.16.156.10011.2.3.3.12"
                                codeSystemName="手术(操作)代码表(ICD-9-CM)"
                                displayName="经尿道右侧输尿管软镜钬激光碎石术+输尿管支架置入术" xsi:type="CD"/>
                        </observation>
                    </entry>
                    <entry>
                        <observation classCode="OBS" moodCode="EVN">
                            <code code="DE06.00.187.00"
                                codeSystem="2.16.156.10011.2.2.1"
                                codeSystemName="卫生信息数据元目录" displayName="拟实施手术目标部位名称"/>
                            <value xsi:type="ST"><![CDATA[输尿管]]></value>
                        </observation>
                    </entry>
                    <entry>
                        <observation classCode="OBS" moodCode="EVN">
                            <code code="DE06.00.221.00"
                                codeSystem="2.16.156.10011.2.2.1"
                                codeSystemName="卫生信息数据元目录" displayName="拟实施手术及操作日期时间"/>
                            <value value="20220508114949" xsi:type="TS"/>
                        </observation>
                    </entry>
                    <entry>
                        <observation classCode="OBS" moodCode="EVN">
                            <code code="DE06.00.073.00"
                                codeSystem="2.16.156.10011.2.2.1"
                                codeSystemName="卫生信息数据元目录" displayName="拟实施麻醉方法代码"/>
                            <value code="1"
                                codeSystem="2.16.156.10011.2.3.1.159"
                                codeSystemName="麻醉方法代码表"
                                displayName="全身麻醉" xsi:type="CD"/>
                        </observation>
                    </entry>
                </section>
            </component>
            <!--手术操作章节-->
            <component>
                <section>
                    <code code="47519-4"
                        codeSystem="2.16.840.1.113883.6.1"
                        codeSystemName="LOINC" displayName="HISTORY OF PROCEDURES"/>
                    <text/>
                    <entry>
                        <observation classCode="OBS" moodCode="EVN">
                            <code code="DE06.00.254.00"
                                codeSystem="2.16.156.10011.2.2.1"
                                codeSystemName="卫生信息数据元目录" displayName="手术要点"/>
                            <value xsi:type="ST"><![CDATA[1.术后予患者心电监测；2.定期监测血常规、CRP、PCT等感染指标；3.注意观察患者尿管引流液及引流通畅情况。]]></value>
                        </observation>
                    </entry>
                    <entry>
                        <observation classCode="OBS" moodCode="EVN">
                            <code code="DE06.00.271.00"
                                codeSystem="2.16.156.10011.2.2.1"
                                codeSystemName="卫生信息数据元目录" displayName="术前准备"/>
                            <value xsi:type="ST"><![CDATA[医师术前访视患者后指示：1、术前禁食；2、术区备皮；3、完善术前相关的辅助检查；4、与患者及其家属谈话、签字；5、治疗合并疾病；6、准备输尿管软镜、软镜导入鞘、取石网篮、导丝及输尿管支架。]]></value>
                        </observation>
                    </entry>
                    <entry>
                        <observation classCode="OBS" moodCode="EVN">
                            <code code="DE06.00.340.00"
                                codeSystem="2.16.156.10011.2.2.1"
                                codeSystemName="卫生信息数据元目录" displayName="手术指征"/>
                            <value xsi:type="ST"><![CDATA[右侧肾输尿管结石合并感染、梗阻积液；如果不处理结石肾功能进一步损害。]]></value>
                        </observation>
                    </entry>
                    <entry>
                        <observation classCode="OBS" moodCode="EVN">
                            <code code="DE06.00.301.00"
                                codeSystem="2.16.156.10011.2.2.1"
                                codeSystemName="卫生信息数据元目录" displayName="手术方案"/>
                            <value xsi:type="ST"><![CDATA[经尿道右侧输尿管软镜钬激光碎石术+输尿管支架置入术]]></value>
                        </observation>
                    </entry>
                    <entry>
                        <observation classCode="OBS" moodCode="EVN">
                            <code code="DE09.00.119.00"
                                codeSystem="2.16.156.10011.2.2.1"
                                codeSystemName="卫生信息数据元目录" displayName="注意事项"/>
                            <value xsi:type="ST"><![CDATA[1.术后予患者心电监测；2.定期监测血常规、CRP、PCT等感染指标；3.注意观察患者尿管引流液及引流通畅情况。]]></value>
                        </observation>
                    </entry>
                </section>
            </component>
            <!--术前总结章节-->
            <component>
                <section>
                    <code displayName="讨论总结"/>
                    <text/>
                    <entry>
                        <observation classCode="OBS" moodCode="EVN">
                            <code code="DE06.00.018.00"
                                codeSystem="2.16.156.10011.2.2.1"
                                codeSystemName="卫生信息数据元目录" displayName="讨论意见"/>
                            <value xsi:type="ST"><![CDATA[下一步诊治方案]]></value>
                        </observation>
                    </entry>
                    <entry>
                        <observation classCode="OBS" moodCode="EVN">
                            <code code="DE06.00.018.00"
                                codeSystem="2.16.156.10011.2.2.1"
                                codeSystemName="卫生信息数据元目录" displayName="讨论结论"/>
                            <value xsi:type="ST"><![CDATA[右侧肾输尿管结石合并感染、梗阻积液；如果不处理结石肾功能进一步损害。]]></value>
                        </observation>
                    </entry>
                </section>
            </component>
        </structuredBody>
    </component>
</ClinicalDocument>
