<?xml version="1.0" encoding="UTF-8"?>
<ClinicalDocument xmlns="urn:hl7-org:v3" xmlns:mif="urn:hl7-org:v3/mif"
    xmlns:xsi="http://www.w3.org/2001/XMLSchema-instance" xsi:schemaLocation="urn:hl7-org:v3 ..\sdschemas\SDA.xsd">
    <!--
********************************************************
 CDA Header
********************************************************
-->
    <realmCode code="CN"/>
    <typeId extension="POCD_MT000040" root="2.16.840.1.113883.1.3"/>
    <templateId root="2.16.156.10011.2.1.1.59"/>
    <!-- 文档流水号 -->
    <id extension="C0039_9765507||2" root="2.16.156.10011.1.1"/>
    <code code="C0039" codeSystem="2.16.156.10011.2.4" codeSystemName="卫生信息共享文档编码体系"/>
    <title>上级医师查房记录</title>
    <!-- 文档机器生成时间 -->
    <effectiveTime value="20220519000000"/>
    <confidentialityCode code="N" codeSystem="2.16.840.1.113883.5.25"
        codeSystemName="Confidentiality" displayName="正常访问保密级别"/>
    <languageCode code="zh-CN"/>
    <setId/>
    <versionNumber/>
    <!--文档记录对象（患者） [1..*] contextControlCode="OP"表示本信息可以被重载-->
    <recordTarget contextControlCode="OP" typeCode="RCT">
        <patientRole classCode="PAT">
            <!--住院号标识-->
            <id extension="00402772" root="2.16.156.10011.1.12"/>
            <patient classCode="PSN" determinerCode="INSTANCE">
                <!--患者身份证号标识-->
                <id extension="440301196105100422" root="2.16.156.10011.1.3"/>
                <!--患者姓名、性别、年龄-->
                <name>邓仕梅</name>
                <administrativeGenderCode code="2"
                    codeSystem="2.16.156.10011.2.3.3.4"
                    codeSystemName="生理性别代码表(GB/T 2261.1)" displayName="女性"/>
                <birthTime value="19610510"/>
                <!--年龄（年）/（月）-->
                <age unit="岁" value="60"/>
            </patient>
        </patientRole>
    </recordTarget>
    <!-- 文档创作者 -->
    <author contextControlCode="OP" typeCode="AUT">
        <time value="20220615040331"/>
        <assignedAuthor classCode="ASSIGNED">
            <id extension="3632" root="2.16.156.10011.1.7"/>
            <assignedPerson>
                <name>黎剑淼</name>
            </assignedPerson>
        </assignedAuthor>
    </author>
    <!-- 保管机构 -->
    <custodian typeCode="CST">
        <assignedCustodian classCode="ASSIGNED">
            <representedCustodianOrganization classCode="ORG" determinerCode="INSTANCE">
                <id extension="1244030345" root="2.16.156.10011.1.5"/>
                <name>罗湖区人民医院</name>
            </representedCustodianOrganization>
        </assignedCustodian>
    </custodian>
    <legalAuthenticator>
        <!-- 主任医师签名 -->
        <time/>
        <signatureCode/>
        <assignedEntity>
            <id extension="600" root="2.16.156.10011.1.4"/>
            <code displayName="主任医师签名"/>
            <assignedPerson classCode="PSN" determinerCode="INSTANCE">
                <name>黄桂晓</name>
            </assignedPerson>
        </assignedEntity>
    </legalAuthenticator>
    <!-- 记录人签名 -->
    <authenticator>
        <!--签名日期时间-->
        <time value="20220506172704" xsi:type="TS"/>
        <signatureCode/>
        <assignedEntity>
            <id extension="3632" root="2.16.156.10011.1.4"/>
            <code displayName="记录人签名"/>
            <assignedPerson classCode="PSN" determinerCode="INSTANCE">
                <name>黎剑淼</name>
            </assignedPerson>
        </assignedEntity>
    </authenticator>
    <!--主治医师 签名 -->
    <authenticator>
        <time/>
        <signatureCode/>
        <assignedEntity>
            <id extension="5313" root="2.16.156.10011.1.4"/>
            <code displayName="主治医师签名"/>
            <assignedPerson classCode="PSN" determinerCode="INSTANCE">
                <name>熊星</name>
            </assignedPerson>
        </assignedEntity>
    </authenticator>
    <!--相关文档-->
    <relatedDocument typeCode="RPLC">
        <parentDocument>
            <id/>
            <setId/>
            <versionNumber/>
        </parentDocument>
    </relatedDocument>
    <!-- 病床号、病房、病区、科室和医院的关联 -->
    <componentOf>
        <encompassingEncounter>
            <!-- 查房日期时间 -->
            <effectiveTime value="20220505084254" xsi:type="IVL_TS"/>
            <location>
                <healthCareFacility>
                    <serviceProviderOrganization>
                        <asOrganizationPartOf classCode="PART">
                            <!-- DE01.00.026.00	病床号 -->
                            <wholeOrganization classCode="ORG" determinerCode="INSTANCE">
                                <id extension="08" root="2.16.156.10011.1.22"/>
                                <name>08</name>
                                <!-- DE01.00.019.00	病房号 -->
                                <asOrganizationPartOf classCode="PART">
                                    <wholeOrganization classCode="ORG" determinerCode="INSTANCE">
                                    <id extension="1102-" root="2.16.156.10011.1.21"/>
                                    <name>1102</name>
                                    <!-- DE08.10.026.00	科室名称 -->
                                    <asOrganizationPartOf classCode="PART">
                                    <wholeOrganization
                                    classCode="ORG" determinerCode="INSTANCE">
                                    <id extension="30014" root="2.16.156.10011.1.26"/>
                                    <name>泌尿外科</name>
                                    <!-- DE08.10.054.00	病区名称 -->
                                    <asOrganizationPartOf classCode="PART">
                                    <wholeOrganization
                                    classCode="ORG" determinerCode="INSTANCE">
                                    <id
                                    extension="40012" root="2.16.156.10011.1.27"/>
                                    <name>外三病区</name>
                                    <!--医疗机构名称 -->

                                    <asOrganizationPartOf classCode="PART">

                                    <wholeOrganization
                                    classCode="ORG" determinerCode="INSTANCE">
                                    <id
                                    extension="1244030345" root="2.16.156.10011.1.5"/>
                                    <name>罗湖区人民医院</name>
                                    </wholeOrganization>
                                    </asOrganizationPartOf>
                                    </wholeOrganization>
                                    </asOrganizationPartOf>
                                    </wholeOrganization>
                                    </asOrganizationPartOf>
                                    </wholeOrganization>
                                </asOrganizationPartOf>
                            </wholeOrganization>
                        </asOrganizationPartOf>
                    </serviceProviderOrganization>
                </healthCareFacility>
            </location>
        </encompassingEncounter>
    </componentOf>
    <!--***************************************************
文档体Body
*******************************************************
-->
    <component>
        <structuredBody>
            <!-- 
********************************************************
健康评估章节
********************************************************
-->
            <component>
                <section>
                    <code code="51848-0"
                        codeSystem="2.16.840.1.113883.6.1"
                        codeSystemName="LOINC" displayName="Assessment note"/>
                    <text/>
                    <!--条目：查房记录-->
                    <entry>
                        <observation classCode="OBS" moodCode="EVN">
                            <code code="DE06.00.181.00"
                                codeSystem="2.16.156.10011.2.2.1"
                                codeSystemName="卫生信息数据元目录" displayName="查房记录"/>
                            <value xsi:type="ST"><![CDATA[今日熊星主治医师查房，患者为老年女性，急性起病。因“右侧腰痛4天”入院。体查：双肾未触及，双肾区无红肿、隆起，左肾区叩击痛（-），右肾区叩击痛（+），双侧肋脊点、肋腰点压痛（-）。腹平软，左侧输尿管走行区压痛（-），右侧输尿管走行区压痛（-），膀胱区无膨隆，压痛阴性。辅助检查：2022-05-04 彩超:泌尿系（双肾、输尿管、膀胱）:右肾多发性结石。右输尿管第一狭窄处结石并右肾轻度积水。左肾、膀胱未见明显异常声像。 2022-05-04 尿液分析全套(尿常规+尿液分析+尿沉渣分析）:白细胞 WBC ++个/μl↑，蛋白质 PRO ++g/L↑，白细胞（镜下） WBC（JX） +++/HP↑，红细胞（镜下） RBC(JX) ++/HP↑，尿隐血 BLD +++个/μl↑。初步诊断：右肾多发结石，右肾积水，泌尿道感染。熊星主治医师查房后示：结合患者病史、查体及辅助检查所示，当前初步诊断成立，予患者进一步完善CTU等相关检查，当前继续予患者抗感染治疗，继观病情变化。]]></value>
                        </observation>
                    </entry>
                </section>
            </component>
            <!--
**************************************************
诊断记录章节
**************************************************
-->
            <component>
                <section>
                    <code code="29548-5"
                        codeSystem="2.16.840.1.113883.6.1"
                        codeSystemName="LOINC" displayName="Diagnosis"/>
                    <text/>
                    <entry>
                        <observation classCode="OBS" moodCode="EVN">
                            <code code="DE02.10.28.00"
                                codeSystem="2.16.156.10011.2.2.1"
                                codeSystemName="卫生信息数据元目录" displayName="中医“四诊”结果"/>
                            <value xsi:type="ST"><![CDATA[-]]></value>
                        </observation>
                    </entry>
                </section>
            </component>
            <!-- 
**************************************************
用药章节
**************************************************
-->
            <!--用药章节 1..*-->
            <component>
                <section>
                    <code code="10160-0"
                        codeSystem="2.16.840.1.113883.6.1"
                        codeSystemName="LOINC" displayName="HISTORY OF MEDICATION USE"/>
                    <text/>
                    <!--中药煎煮法-->
                    <entry>
                        <observation classCode="OBS" moodCode="EVN ">
                            <code code="DE08.50.047.00"
                                codeSystem="2.16.156.10011.2.2.1"
                                codeSystemName="卫生信息数据元目录" displayName="中药煎煮方法"/>
                            <value xsi:type="ST"><![CDATA[-]]></value>
                        </observation>
                    </entry>
                    <!--中药用药方法-->
                    <entry>
                        <observation classCode="OBS" moodCode="EVN ">
                            <code code="DE06.00.136.00"
                                codeSystem="2.16.156.10011.2.2.1"
                                codeSystemName="卫生信息数据元目录" displayName="中药用药方法"/>
                            <value xsi:type="ST"><![CDATA[-]]></value>
                        </observation>
                    </entry>
                </section>
            </component>
            <!--
*************************************************
治疗计划章节
*************************************************
-->
            <component>
                <section>
                    <code code="18776-5"
                        codeSystem="2.16.840.1.113883.6.1"
                        codeSystemName="LOINC" displayName="TREATMENT PLAN"/>
                    <text/>
                    <!--诊疗计划-->
                    <entry>
                        <observation classCode="OBS" moodCode="INT ">
                            <code code="DE05.01.025.00"
                                codeSystem="2.16.156.10011.2.2.1" displayName="诊疗计划"/>
                            <value xsi:type="ST"><![CDATA[今日熊星主治医师查房，患者为老年女性，急性起病。因“右侧腰痛4天”入院。体查：双肾未触及，双肾区无红肿、隆起，左肾区叩击痛（-），右肾区叩击痛（+），双侧肋脊点、肋腰点压痛（-）。腹平软，左侧输尿管走行区压痛（-），右侧输尿管走行区压痛（-），膀胱区无膨隆，压痛阴性。辅助检查：2022-05-04 彩超:泌尿系（双肾、输尿管、膀胱）:右肾多发性结石。右输尿管第一狭窄处结石并右肾轻度积水。左肾、膀胱未见明显异常声像。 2022-05-04 尿液分析全套(尿常规+尿液分析+尿沉渣分析）:白细胞 WBC ++个/μl↑，蛋白质 PRO ++g/L↑，白细胞（镜下） WBC（JX） +++/HP↑，红细胞（镜下） RBC(JX) ++/HP↑，尿隐血 BLD +++个/μl↑。初步诊断：右肾多发结石，右肾积水，泌尿道感染。熊星主治医师查房后示：结合患者病史、查体及辅助检查所示，当前初步诊断成立，予患者进一步完善CTU等相关检查，当前继续予患者抗感染治疗，继观病情变化。]]></value>
                        </observation>
                    </entry>
                    <!--辩证论治详细描述-->
                    <entry>
                        <observation classCode="OBS" moodCode="INT">
                            <code code="DE05.10.131.00" displayName="辩证论治"/>
                            <value xsi:type="ST"><![CDATA[-]]></value>
                        </observation>
                    </entry>
                </section>
            </component>
            <!--
**********************************************
 医嘱章节 
**********************************************
-->
            <component>
                <section>
                    <code code="46209-3"
                        codeSystem="2.16.840.1.113883.6.1"
                        codeSystemName="LOINC" displayName="Provider Orders"/>
                    <text/>
                    <!--医嘱内容-->
                    <entry>
                        <observation classCode="OBS" moodCode="EVN">
                            <code code="DE06.00.287.00"
                                codeSystem="2.16.156.10011.2.2.1"
                                codeSystemName="卫生信息数据元目录" displayName="医嘱内容"/>
                            <value xsi:type="ST"><![CDATA[-]]></value>
                        </observation>
                    </entry>
                </section>
            </component>
        </structuredBody>
    </component>
</ClinicalDocument>
