<?xml version="1.0" encoding="UTF-8" ?>
<ClinicalDocument xmlns="urn:hl7-org:v3" xmlns:mif="urn:hl7-org:v3/mif" xmlns:xsi="http://www.w3.org/2001/XMLSchema-instance" xsi:schemaLocation="urn:hl7-org:v3 ..\sdschemas\SDA.xsd">
	<realmCode code="CN" />
	<typeId root="2.16.840.1.113883.1.3" extension="POCD_MT000040" />
	<templateId root="2.16.156.10011.2.1.1.42" />
	<id root="2.16.156.10011.1.1" extension="1652977455169" />
	<code code="C0022" codeSystem="2.16.156.10011.2.4" codeSystemName="卫生信息共享文档编码体系" />
	<title>高值耗材使用记录</title>
	<effectiveTime value="20220509111127" />
	<confidentialityCode code="N" codeSystem="2.16.840.1.113883.5.25" codeSystemName="Confidentiality" displayName="正常访问保密级别" />
	<languageCode code="zh-CN" />
	<recordTarget typeCode="RCT" contextControlCode="OP">
		<patientRole classCode="PAT">
			<id root="2.16.156.10011.1.12" extension="00402772" />
			<patient classCode="PSN" determinerCode="INSTANCE">
				<id root="2.16.156.10011.1.3" extension="null" />
				<name>邓仕梅</name>
				<administrativeGenderCode code="2" displayName="女性" codeSystem="2.16.156.10011.2.3.3.4" codeSystemName="生理性别代码表(GB/T 2261.1)" />
				<age value="60" unit="岁" />
			</patient>
			<providerOrganization>
				<id root="2.16.156.10011.1.5" extension="1244030345" />
				<name>罗湖区人民医院</name>
			</providerOrganization>
		</patientRole>
	</recordTarget>
	<author typeCode="AUT" contextControlCode="OP">
		<time value="20220509111127" />
		<assignedAuthor classCode="ASSIGNED">
			<id root="2.16.156.10011.1.7" extension="郭勇" />
			<code displayName="医生" />
			<assignedPerson>
				<name>郭勇</name>
			</assignedPerson>
		</assignedAuthor>
	</author>
	<custodian typeCode="CST">
		<assignedCustodian classCode="ASSIGNED">
			<representedCustodianOrganization classCode="ORG" determinerCode="INSTANCE">
				<id root="2.16.156.10011.1.5" extension="1244030345" />
				<name>罗湖区人民医院</name>
			</representedCustodianOrganization>
		</assignedCustodian>
	</custodian>
	<authenticator>
		<time value="20220509111127" />
		<signatureCode/>
		<assignedEntity>
			<id root="2.16.156.10011.1.4" extension="3102" />
			<code displayName="护士" />
			<assignedPerson>
				<name>郭勇</name>
			</assignedPerson>
		</assignedEntity>
	</authenticator>
	<relatedDocument typeCode="RPLC">
		<parentDocument>
			<id/>
			<setId/>
			<versionNumber/>
		</parentDocument>
	</relatedDocument>
	<componentOf typeCode="COMP">
		<encompassingEncounter classCode="ENC" moodCode="EVN">
			<code/>
			<effectiveTime nullFlavor="NI">
				<low value="20220504110854" />
				<high value="20220519083121" />
			</effectiveTime>
			<location typeCode="LOC">
				<healthCareFacility classCode="SDLOC">
					<serviceProviderOrganization classCode="ORG" determinerCode="INSTANCE">
						<asOrganizationPartOf classCode="PART">
							<wholeOrganization classCode="ORG" determinerCode="INSTANCE">
								<id root="2.16.156.10011.1.22" extension="08" />
								<name>08</name>
								<asOrganizationPartOf classCode="PART">
									<wholeOrganization classCode="ORG" determinerCode="INSTANCE">
										<id root="2.16.156.10011.1.21" extension="1102" />
										<name>1102</name>
										<asOrganizationPartOf classCode="PART">
											<wholeOrganization classCode="ORG" determinerCode="INSTANCE">
												<id root="2.16.156.10011.1.27" extension="59" />
												<name>泌尿外科</name>
												<asOrganizationPartOf classCode="PART">
													<wholeOrganization classCode="ORG" determinerCode="INSTANCE">
														<id root="2.16.156.10011.1.26" extension="74" />
														<name>外三病区</name>
														<asOrganizationPartOf classCode="PART">
															<wholeOrganization classCode="ORG" determinerCode="INSTANCE">
																<id root="2.16.156.10011.1.5" extension="1244030345" />
																<name>罗湖区人民医院</name>
															</wholeOrganization>
														</asOrganizationPartOf>
													</wholeOrganization>
												</asOrganizationPartOf>
											</wholeOrganization>
										</asOrganizationPartOf>
									</wholeOrganization>
								</asOrganizationPartOf>
							</wholeOrganization>
						</asOrganizationPartOf>
					</serviceProviderOrganization>
				</healthCareFacility>
			</location>
		</encompassingEncounter>
	</componentOf>
	<component>
		<structuredBody>
			<component>
				<section>
					<code code="29548-5" displayName="Diagnosis" codeSystem="2.16.840.1.113883.6.1" codeSystemName="LOINC" />
					<text />
				</section>
			</component>
			<component>
				<section>
					<code code="10160-0" codeSystem="2.16.840.1.113883.6.1" displayName="HISTORY OF MEDICATION USE" codeSystemName="LOINC" />
					<text />
					<entry>
						<substanceAdministration classCode="SBADM" moodCode="EVN">
							<text />
							<routeCode nullFlavor="OTH">
								<originalText>骨科耗材</originalText>
							</routeCode>
							<doseQuantity value="1" unit="根" />
							<consumable>
								<manufacturedProduct>
									<id extension="99143"/>
									<manufacturedMaterial>
										<name>输尿管支架</name>
									</manufacturedMaterial>
									<manufacturerOrganization>
										<name>美国巴德</name>
										<asOrganizationPartOf>
											<wholeOrganization>
												<name>深圳市林圣康科技有限公司</name>
											</wholeOrganization>
										</asOrganizationPartOf>
									</manufacturerOrganization>
								</manufacturedProduct>
							</consumable>
							<entryRelationship typeCode="COMP">
								<observation classCode="OBS" moodCode="EVN">
									<code code="DE08.50.035.00" codeSystem="2.16.156.10011.2.2.1" codeSystemName="卫生信息数据元目录" displayName="产品供应商" />
									<value xsi:type="ST" />
								</observation>
							</entryRelationship>
							<entryRelationship typeCode="COMP">
								<observation classCode="OBS" moodCode="EVN">
									<code code="DE08.50.058.00" codeSystem="2.16.156.10011.2.2.1" codeSystemName="卫生信息数据元目录" displayName="植入性耗材标志" />
									<value xsi:type="BL" value="false" />
								</observation>
							</entryRelationship>
						</substanceAdministration>
					</entry>
				</section>
			</component>
		</structuredBody>
	</component>
</ClinicalDocument>