<?xml version="1.0" encoding="UTF-8"?>
<ClinicalDocument xmlns="urn:hl7-org:v3" xmlns:mif="urn:hl7-org:v3/mif"
    xmlns:xsi="http://www.w3.org/2001/XMLSchema-instance" xsi:schemaLocation="urn:hl7-org:v3 ..\sdschemas\SDA.xsd">
    <realmCode code="CN"/>
    <typeId extension="POCD_MT000040" root="2.16.840.1.113883.1.3"/>
    <templateId root="2.16.156.10011.2.1.1.69"/>
    <!-- 文档流水号 -->
    <id extension="C0049_9909738||1" root="2.16.156.10011.1.1"/>
    <code code="C0049" codeSystem="2.16.156.10011.2.4" codeSystemName="卫生信息共享文档编码体系"/>
    <!--title-->
    <title>出院记录</title>
    <!-- 文档机器生成时间 -->
    <effectiveTime value="20220517120301"/>
    <confidentialityCode code="N" codeSystem="2.16.840.1.113883.5.25"
        codeSystemName="Confidentiality" displayName="正常访问保密级别"/>
    <languageCode code="zh-CN"/>
    <setId/>
    <versionNumber/>
    <recordTarget contextControlCode="OP" typeCode="RCT">
        <patientRole classCode="PAT">
            <!--住院号 -->
            <id extension="00402772" root="2.16.156.10011.1.12"/>
            <patient classCode="PSN" determinerCode="INSTANCE">
                <!--患者身份证号标识-->
                <id extension="440301196105100422" root="2.16.156.10011.1.3"/>
                <name>邓仕梅</name>
                <administrativeGenderCode code="2"
                    codeSystem="2.16.156.10011.2.3.3.4"
                    codeSystemName="生理性别代码表(GB/T 2261.1)" displayName="女性"/>
                <age unit="岁" value="60"/>
            </patient>
        </patientRole>
    </recordTarget>
    <author contextControlCode="OP" typeCode="AUT">
        <time value="20220615040354"/>
        <assignedAuthor classCode="ASSIGNED">
            <id extension="5313" root="2.16.156.10011.1.7"/>
            <assignedPerson>
                <name>熊星</name>
            </assignedPerson>
        </assignedAuthor>
    </author>
    <custodian typeCode="CST">
        <assignedCustodian classCode="ASSIGNED">
            <representedCustodianOrganization classCode="ORG" determinerCode="INSTANCE">
                <id extension="1244030345" root="2.16.156.10011.1.5"/>
                <name>罗湖区人民医院</name>
            </representedCustodianOrganization>
        </assignedCustodian>
    </custodian>
    <!-- 主任医师签名 -->
    <authenticator>
        <time value="20220517120302"/>
        <signatureCode/>
        <assignedEntity>
            <id extension="600" root="2.16.156.10011.1.4"/>
            <code displayName="主任医师"/>
            <assignedPerson classCode="PSN" determinerCode="INSTANCE">
                <name>黄桂晓</name>
            </assignedPerson>
        </assignedEntity>
    </authenticator>
    <!-- 主治医师签名 -->
    <authenticator>
        <time value=""/>
        <signatureCode/>
        <assignedEntity>
            <id extension="-" root="2.16.156.10011.1.4"/>
            <code displayName="主治医师"/>
            <assignedPerson classCode="PSN" determinerCode="INSTANCE">
                <name>-</name>
            </assignedPerson>
        </assignedEntity>
    </authenticator>
    <!-- 住院医师签名 -->
    <authenticator>
        <time value="20220523182412"/>
        <signatureCode/>
        <assignedEntity>
            <id extension="3632" root="2.16.156.10011.1.4"/>
            <code displayName="住院医师"/>
            <assignedPerson classCode="PSN" determinerCode="INSTANCE">
                <name>黎剑淼</name>
            </assignedPerson>
        </assignedEntity>
    </authenticator>
    <relatedDocument typeCode="RPLC">
        <parentDocument>
            <id/>
            <setId/>
            <versionNumber/>
        </parentDocument>
    </relatedDocument>
    <!-- 病床号、病房、病区、科室和医院的关联 -->
    <componentOf>
        <encompassingEncounter>
            <effectiveTime/>
            <location>
                <healthCareFacility>
                    <serviceProviderOrganization>
                        <asOrganizationPartOf classCode="PART">
                            <!-- DE01.00.026.00	病床号 -->
                            <wholeOrganization classCode="ORG" determinerCode="INSTANCE">
                                <id extension="08" root="2.16.156.10011.1.22"/>
                                <name>08</name>
                                <!-- DE01.00.019.00	病房号 -->
                                <asOrganizationPartOf classCode="PART">
                                    <wholeOrganization classCode="ORG" determinerCode="INSTANCE">
                                    <id extension="1102-" root="2.16.156.10011.1.21"/>
                                    <name>1102</name>
                                    <!-- DE08.10.026.00	科室名称 -->
                                    <asOrganizationPartOf classCode="PART">
                                    <wholeOrganization
                                    classCode="ORG" determinerCode="INSTANCE">
                                    <id extension="30014" root="2.16.156.10011.1.26"/>
                                    <name>泌尿外科</name>
                                    <!-- DE08.10.054.00	病区名称 -->
                                    <asOrganizationPartOf classCode="PART">
                                    <wholeOrganization
                                    classCode="ORG" determinerCode="INSTANCE">
                                    <id
                                    extension="40012" root="2.16.156.10011.1.27"/>
                                    <name>外三病区</name>
                                    <!--XXX医院 -->

                                    <asOrganizationPartOf classCode="PART">

                                    <wholeOrganization
                                    classCode="ORG" determinerCode="INSTANCE">
                                    <id
                                    extension="1244030345" root="2.16.156.10011.1.5"/>
                                    <name>罗湖区人民医院</name>
                                    </wholeOrganization>
                                    </asOrganizationPartOf>
                                    </wholeOrganization>
                                    </asOrganizationPartOf>
                                    </wholeOrganization>
                                    </asOrganizationPartOf>
                                    </wholeOrganization>
                                </asOrganizationPartOf>
                            </wholeOrganization>
                        </asOrganizationPartOf>
                    </serviceProviderOrganization>
                </healthCareFacility>
            </location>
        </encompassingEncounter>
    </componentOf>
    <component>
        <structuredBody>
            <!-- 主要健康问题章节 -->
            <component>
                <section>
                    <code code="11450-4"
                        codeSystem="2.16.840.1.113883.6.1"
                        codeSystemName="LOINC" displayName="Problem list"/>
                    <text/>
                    <entry>
                        <observation classCode="OBS" moodCode="EVN">
                            <code code="DE05.10.148.00"
                                codeSystem="2.16.156.10011.2.2.1"
                                codeSystemName="卫生信息数据元目录" displayName="入院情况"/>
                            <value xsi:type="ST"><![CDATA[1.病史：为老年女性，急性起病。2.因“右侧腰痛4天。”入院。3.体查：双肾未触及，双肾区无红肿、隆起，左肾区叩击痛（-），右肾区叩击痛（+），双侧肋脊点、肋腰点压痛（-）。腹平软，左侧输尿管走行区压痛（-），右侧输尿管走行区压痛（-），膀胱区无膨隆，压痛阴性。4.辅助检查：2022-05-04 彩超:泌尿系（双肾、输尿管、膀胱）:右肾多发性结石。右输尿管第一狭窄处结石并右肾轻度积水。左肾、膀胱未见明显异常声像。 2022-05-04 尿液分析全套(尿常规+尿液分析+尿沉渣分析）:白细胞 WBC ++个/μl↑，蛋白质 PRO ++g/L↑，白细胞（镜下） WBC（JX） +++/HP↑，红细胞（镜下） RBC(JX) ++/HP↑，尿隐血 BLD +++个/μl↑。]]></value>
                        </observation>
                    </entry>
                </section>
            </component>
            <!--入院诊断章节 -->
            <component>
                <!-- 诊断章节 -->
                <!-- 循环多节点(1..R) -->
                <!--入院诊断编码-->
                <section>
                    <code code="11535-2"
                        codeSystem="2.16.840.1.113883.6.1"
                        codeSystemName="LOINC" displayName="HOSPITAL DISCHARGE DX"/>
                    <text/>
                    <entry>
                        <observation classCode="OBS" moodCode="EVN">
                            <code code="DE05.01.024.00"
                                codeSystem="2.16.156.10011.2.2.1"
                                codeSystemName="卫生信息数据元目录" displayName="入院诊断编码"/>
                            <value code="N20.100"
                                codeSystem="2.16.156.10011.2.3.3.11"
                                codeSystemName="ICD-10"
                                displayName="输尿管结石" xsi:type="CD"/>
                        </observation>
                    </entry>
                    <entry>
                        <observation classCode="OBS" moodCode="EVN">
                            <code code="DE06.00.092.00"
                                codeSystem="2.16.156.10011.2.2.1"
                                codeSystemName="卫生信息数据元目录" displayName="入院日期时间"/>
                            <value value="20220504112001" xsi:type="TS"/>
                        </observation>
                    </entry>
                    <entry>
                        <observation classCode="OBS" moodCode="EVN">
                            <code code="DE04.50.128.00"
                                codeSystem="2.16.156.10011.2.2.1"
                                codeSystemName="卫生信息数据元目录" displayName="阳性辅助检查结果"/>
                            <value xsi:type="ST"><![CDATA[-]]></value>
                        </observation>
                    </entry>
                    <entry>
                        <observation classCode="OBS" moodCode="EVN">
                            <code code="DE02.10.028.00"
                                codeSystem="2.16.156.10011.2.2.1"
                                codeSystemName="卫生信息数据元目录" displayName="中医“四诊”观察结果"/>
                            <value xsi:type="ST"><![CDATA[-]]></value>
                        </observation>
                    </entry>
                    <entry>
                        <observation classCode="OBS" moodCode="EVN">
                            <code code="DE06.00.300.00"
                                codeSystem="2.16.156.10011.2.2.1"
                                codeSystemName="卫生信息数据元目录" displayName="治则治法"/>
                            <value xsi:type="ST"><![CDATA[-]]></value>
                        </observation>
                    </entry>
                </section>
            </component>
            <!-- 住院过程章节 -->
            <component>
                <section>
                    <code code="8648-8"
                        codeSystem="2.16.840.1.113883.6.1"
                        codeSystemName="LOINC" displayName="Hospital Course"/>
                    <text/>
                    <entry>
                        <observation classCode="OBS" moodCode="EVN">
                            <code code="DE06.00.296.00"
                                codeSystem="2.16.156.10011.2.2.1"
                                codeSystemName="卫生信息数据元目录" displayName="诊疗过程描述"/>
                            <value xsi:type="ST"><![CDATA[患者入院后完善相关检查，2022-05-05 C-反应蛋白： CRP 146mg/L↑，2022-05-05 凝血四项:纤维蛋白原 FNG 10.08g/L↑，2022-05-05 肝功能组合二:白蛋白 ALB 28.9g/L↓，白/球蛋白比值 A/G 0.73↓，2022-05-05 肾功能组合二（UREA/CREA/UA/β2-MG/CYSC）:肌酐 CR 92umol/L↑，胱抑素C CYS-C 1.14mg/L↑，肾小球滤过率 GFR 58.6ml/min↓，2022-05-05 血脂组合:总胆固醇 CHO 6.06mmol/L↑，低密度脂蛋白胆固醇 LDL-C 4.52mmol/L↑，高密度脂蛋白胆固醇 HDL-C 0.94mmol/L↓，载脂蛋白A1 APO-A1 0.84g/L↓，载脂蛋白B APO-B 1.51g/L↑。2022-05-05 感染标志物八项:乙型肝炎病毒表面抗原  1143.21IU/mL↑，乙型肝炎病毒e抗体>4.50PEI U/mL↑，乙型肝炎病毒核心抗体 >45.0PEI U/mL↑。2022-05-04 远程心电图（功能科）:窦性心律,正常范围心电图。 2022-05-04 腹部正位(腹部立位、腹平片、KUB):1.所示心影增大，胸主动脉硬化。2.提示右肾及右侧输尿管上段结石，建议CT检查。 2022-05-05 彩超:肝、胆、脾不含门静脉系:肝脏、胆囊、脾脏、胰腺未见明显异常声像。门静脉系统未见明显异常声像。2022-05-07 C-反应蛋白(干化学法):超敏C-反应蛋白 CRP 111mg/L↑，2022-05-07 尿液分析全套(尿常规+尿液分析+尿沉渣分析）:白细胞 WBC +++个/μl↑，白细胞 WBCUF 1437.7/ul↑，2022-05-07 白蛋白 ALB 28.5g/L↓，2022-05-07 肾功能组合一(UREA/CREA/UA):肌酐 CR 83umol/L↑。2022-05-06 CT双输尿管平扫(下腹部＋盆腔)+三维成像:1.右肾多发结石，右侧肾盂与输尿管移行处结石，并右侧肾盂、肾盏积水。2.子宫未见明确显示，请结合临床病史。3.附见胆囊小结石。完善术前准备，于2022年5月9日行右侧输尿管镜检查术、右输尿管支架置入术，术后予患者抗感染治疗，动态复查感染指标，当前感染控制良好，2022-05-18 白蛋白:白蛋白 ALB 30.6g/L↓，2022-05-18 离子组合1（K/Na/CL/Ga):钠 NA 136mmol/L↓，2022-05-18 栓溶二聚体定量:栓溶二聚体定量 DIMER 4.16mg/L FEU↑，2022-05-18 降钙素原检测(化学发光法):降钙素原 PCT 0.50ng/mL，2022-05-18 血常规:白细胞计数 WBC 11.18x109/L↑，血红蛋白浓度 HGB 87g/L↓，中性粒细胞比值 NEUT% 77.2％↑。现我科病情恢复良好，一般情况稳定，请示上级医师，现可予办理出院。]]></value>
                        </observation>
                    </entry>
                </section>
            </component>
            <!-- 医嘱（用药）章节 -->
            <component>
                <section>
                    <code code="46209-3"
                        codeSystem="2.16.840.1.113883.6.1"
                        codeSystemName="LOINC" displayName="Provider Orders"/>
                    <text/>
                    <entry>
                        <observation classCode="OBS" moodCode="EVN">
                            <code code="DE08.50.047.00"
                                codeSystem="2.16.156.10011.2.2.1"
                                codeSystemName="卫生信息数据元目录" displayName="中药煎煮方法"/>
                            <value xsi:type="ST"><![CDATA[-]]></value>
                        </observation>
                    </entry>
                    <entry>
                        <observation classCode="OBS" moodCode="EVN">
                            <code code="DE06.00.136.00"
                                codeSystem="2.16.156.10011.2.2.1"
                                codeSystemName="卫生信息数据元目录" displayName="中药用药方法"/>
                            <value xsi:type="ST"><![CDATA[-]]></value>
                        </observation>
                    </entry>
                </section>
            </component>
            <!-- 出院诊断章节 -->
            <component>
                <!-- 诊断章节 -->
                <!-- 循环多节点(1..R) -->
                <!--出院诊断编码-->
                <section>
                    <code code="11535-2"
                        codeSystem="2.16.840.1.113883.6.1"
                        codeSystemName="LOINC" displayName="Discharge Diagnosis"/>
                    <text/>
                    <entry>
                        <observation classCode="OBS" moodCode="EVN">
                            <code code="DE06.00.193.00"
                                codeSystem="2.16.156.10011.2.2.1"
                                codeSystemName="卫生信息数据元目录" displayName="出院情况"/>
                            <value xsi:type="ST"><![CDATA[现患者精神、睡眠、饮食等一般情况良好，无畏寒、发热，排尿通畅，尿量正常，无腰腹部疼痛。余查体无特殊。]]></value>
                        </observation>
                    </entry>
                    <entry>
                        <observation classCode="OBS" moodCode="EVN">
                            <code code="DE06.00.017.00"
                                codeSystem="2.16.156.10011.2.2.1"
                                codeSystemName="卫生信息数据元目录" displayName="出院日期时间"/>
                            <value value="20220517120301" xsi:type="TS"/>
                        </observation>
                    </entry>
                    <entry>
                        <observation classCode="OBS" moodCode="EVN">
                            <code code="DE05.01.025.00"
                                codeSystem="2.16.156.10011.2.2.1"
                                codeSystemName="卫生信息数据元目录" displayName="出院诊断-西医诊断名称"/>
                            <value xsi:type="ST">慢性乙型病毒性肝炎</value>
                            <entryRelationship typeCode="COMP">
                                <observation classCode="OBS" moodCode="EVN">
                                    <code code="DE05.01.024.00"
                                    codeSystem="2.16.156.10011.2.2.1"
                                    codeSystemName="卫生信息数据元目录" displayName="出院诊断-西医诊断编码"/>
                                    <value code="B18.107"
                                    codeSystem="2.16.156.10011.2.3.3.11"
                                    codeSystemName="ICD-10"
                                    displayName="慢性乙型病毒性肝炎" xsi:type="CD"/>
                                </observation>
                            </entryRelationship>
                        </observation>
                    </entry>
                    <entry>
                        <observation classCode="OBS" moodCode="EVN">
                            <code code="DE05.01.025.00"
                                codeSystem="2.16.156.10011.2.2.1"
                                codeSystemName="卫生信息数据元目录" displayName="出院诊断-西医诊断名称"/>
                            <value xsi:type="ST">高脂血症</value>
                            <entryRelationship typeCode="COMP">
                                <observation classCode="OBS" moodCode="EVN">
                                    <code code="DE05.01.024.00"
                                    codeSystem="2.16.156.10011.2.2.1"
                                    codeSystemName="卫生信息数据元目录" displayName="出院诊断-西医诊断编码"/>
                                    <value code="E78.500"
                                    codeSystem="2.16.156.10011.2.3.3.11"
                                    codeSystemName="ICD-10"
                                    displayName="高脂血症" xsi:type="CD"/>
                                </observation>
                            </entryRelationship>
                        </observation>
                    </entry>
                    <entry>
                        <observation classCode="OBS" moodCode="EVN">
                            <code code="DE05.01.025.00"
                                codeSystem="2.16.156.10011.2.2.1"
                                codeSystemName="卫生信息数据元目录" displayName="出院诊断-西医诊断名称"/>
                            <value xsi:type="ST">高血压2级</value>
                            <entryRelationship typeCode="COMP">
                                <observation classCode="OBS" moodCode="EVN">
                                    <code code="DE05.01.024.00"
                                    codeSystem="2.16.156.10011.2.2.1"
                                    codeSystemName="卫生信息数据元目录" displayName="出院诊断-西医诊断编码"/>
                                    <value code="I10.x04"
                                    codeSystem="2.16.156.10011.2.3.3.11"
                                    codeSystemName="ICD-10"
                                    displayName="高血压2级" xsi:type="CD"/>
                                </observation>
                            </entryRelationship>
                        </observation>
                    </entry>
                    <entry>
                        <observation classCode="OBS" moodCode="EVN">
                            <code code="DE05.01.025.00"
                                codeSystem="2.16.156.10011.2.2.1"
                                codeSystemName="卫生信息数据元目录" displayName="出院诊断-西医诊断名称"/>
                            <value xsi:type="ST">肾盂积水伴有输尿管狭窄，不可归类在他处者</value>
                            <entryRelationship typeCode="COMP">
                                <observation classCode="OBS" moodCode="EVN">
                                    <code code="DE05.01.024.00"
                                    codeSystem="2.16.156.10011.2.2.1"
                                    codeSystemName="卫生信息数据元目录" displayName="出院诊断-西医诊断编码"/>
                                    <value code="N13.100"
                                    codeSystem="2.16.156.10011.2.3.3.11"
                                    codeSystemName="ICD-10"
                                    displayName="肾盂积水伴有输尿管狭窄，不可归类在他处者" xsi:type="CD"/>
                                </observation>
                            </entryRelationship>
                        </observation>
                    </entry>
                    <entry>
                        <observation classCode="OBS" moodCode="EVN">
                            <code code="DE05.01.025.00"
                                codeSystem="2.16.156.10011.2.2.1"
                                codeSystemName="卫生信息数据元目录" displayName="出院诊断-西医诊断名称"/>
                            <value xsi:type="ST">肾盂积水，其他的</value>
                            <entryRelationship typeCode="COMP">
                                <observation classCode="OBS" moodCode="EVN">
                                    <code code="DE05.01.024.00"
                                    codeSystem="2.16.156.10011.2.2.1"
                                    codeSystemName="卫生信息数据元目录" displayName="出院诊断-西医诊断编码"/>
                                    <value code="N13.300"
                                    codeSystem="2.16.156.10011.2.3.3.11"
                                    codeSystemName="ICD-10"
                                    displayName="肾盂积水，其他的" xsi:type="CD"/>
                                </observation>
                            </entryRelationship>
                        </observation>
                    </entry>
                    <entry>
                        <observation classCode="OBS" moodCode="EVN">
                            <code code="DE05.01.025.00"
                                codeSystem="2.16.156.10011.2.2.1"
                                codeSystemName="卫生信息数据元目录" displayName="出院诊断-西医诊断名称"/>
                            <value xsi:type="ST">肾积脓</value>
                            <entryRelationship typeCode="COMP">
                                <observation classCode="OBS" moodCode="EVN">
                                    <code code="DE05.01.024.00"
                                    codeSystem="2.16.156.10011.2.2.1"
                                    codeSystemName="卫生信息数据元目录" displayName="出院诊断-西医诊断编码"/>
                                    <value code="N13.600"
                                    codeSystem="2.16.156.10011.2.3.3.11"
                                    codeSystemName="ICD-10"
                                    displayName="肾积脓" xsi:type="CD"/>
                                </observation>
                            </entryRelationship>
                        </observation>
                    </entry>
                    <entry>
                        <observation classCode="OBS" moodCode="EVN">
                            <code code="DE05.01.025.00"
                                codeSystem="2.16.156.10011.2.2.1"
                                codeSystemName="卫生信息数据元目录" displayName="出院诊断-西医诊断名称"/>
                            <value xsi:type="ST">输尿管结石</value>
                            <entryRelationship typeCode="COMP">
                                <observation classCode="OBS" moodCode="EVN">
                                    <code code="DE05.01.024.00"
                                    codeSystem="2.16.156.10011.2.2.1"
                                    codeSystemName="卫生信息数据元目录" displayName="出院诊断-西医诊断编码"/>
                                    <value code="N20.100"
                                    codeSystem="2.16.156.10011.2.3.3.11"
                                    codeSystemName="ICD-10"
                                    displayName="输尿管结石" xsi:type="CD"/>
                                </observation>
                            </entryRelationship>
                        </observation>
                    </entry>
                    <entry>
                        <observation classCode="OBS" moodCode="EVN">
                            <code code="DE05.01.025.00"
                                codeSystem="2.16.156.10011.2.2.1"
                                codeSystemName="卫生信息数据元目录" displayName="出院诊断-西医诊断名称"/>
                            <value xsi:type="ST">泌尿道感染</value>
                            <entryRelationship typeCode="COMP">
                                <observation classCode="OBS" moodCode="EVN">
                                    <code code="DE05.01.024.00"
                                    codeSystem="2.16.156.10011.2.2.1"
                                    codeSystemName="卫生信息数据元目录" displayName="出院诊断-西医诊断编码"/>
                                    <value code="N39.000"
                                    codeSystem="2.16.156.10011.2.3.3.11"
                                    codeSystemName="ICD-10"
                                    displayName="泌尿道感染" xsi:type="CD"/>
                                </observation>
                            </entryRelationship>
                        </observation>
                    </entry>
                    <entry>
                        <observation classCode="OBS" moodCode="EVN">
                            <code code="DE04.01.117.00"
                                codeSystem="2.16.156.10011.2.2.1"
                                codeSystemName="卫生信息数据元目录" displayName="出院时症状与体征"/>
                            <value xsi:type="ST"><![CDATA[现患者精神、睡眠、饮食等一般情况良好，无畏寒、发热，排尿通畅，尿量正常，无腰腹部疼痛。余查体无特殊。]]></value>
                        </observation>
                    </entry>
                    <entry>
                        <observation classCode="OBS" moodCode="EVN">
                            <code code="DE06.00.287.00"
                                codeSystem="2.16.156.10011.2.2.1"
                                codeSystemName="卫生信息数据元目录" displayName="出院医嘱"/>
                            <value xsi:type="ST"><![CDATA[1.注重饮食营养均衡，多喝水、勤排尿，避免过多运动，保持每日饮水量2500ml以上；  2.2周后携带出院小结返院复诊（每周二甘露主治医师门诊、每周三黄桂晓副主任医师门诊、每周五熊星主治医师门诊），进一步治疗右肾结石；3.如有腰腹部疼痛、血尿、发热等不适门诊随访，我科门诊随访（我科联系电话25650005转1133）。出院带药：1.双石通淋胶囊 2g 口服 tid 7天 ;2.头孢克肟分散片 0.1g 口服 bid 7天 ;3.(省集2)阿托伐他汀钙片(大) 20mg 口服 qn 7天 ;4.马尿酸乌洛托品片 1g 口服 bid 7天 ;5.(省集2)苯磺酸氨氯地平片 5mg 口服 qd 7天 ;6.(国集3)缬沙坦胶囊(缬克) 80mg 口服 qd 7天 。]]></value>
                        </observation>
                    </entry>
                </section>
            </component>
        </structuredBody>
    </component>
</ClinicalDocument>
