<?xml version="1.0" encoding="UTF-8"?>
<ClinicalDocument xmlns="urn:hl7-org:v3" xmlns:mif="urn:hl7-org:v3/mif"
    xmlns:xsi="http://www.w3.org/2001/XMLSchema-instance" xsi:schemaLocation="urn:hl7-org:v3 ..\sdschemas\SDA.xsd">
    <!--
********************************************************
 CDA Header
********************************************************
-->
    <realmCode code="CN"/>
    <typeId extension="POCD_MT000040" root="2.16.840.1.113883.1.3"/>
    <templateId root="2.16.156.10011.2.1.1.27"/>
    <!-- 文档流水号 -->
    <id extension="65857726_76376151" root="2.16.156.10011.1.1"/>
    <code code="C0007" codeSystem="2.16.156.10011.2.4" codeSystemName="卫生信息共享文档编码体系"/>
    <title>检验记录</title>
    <!-- 文档机器生成时间 -->
    <effectiveTime value="20220505122753"/>
    <confidentialityCode code="N" codeSystem="2.16.840.1.113883.5.25"
        codeSystemName="Confidentiality" displayName="正常访问保密级别"/>
    <languageCode code="zh-CN"/>
    <setId/>
    <versionNumber/>
    <!--文档记录对象（患者）-->
    <recordTarget contextControlCode="OP" typeCode="RCT">
        <patientRole classCode="PAT">
            <!--门（急）诊号标识 -->
            <id extension="0004030370" root="2.16.156.10011.1.11"/>
            <!--住院号标识-->
            <id extension="00402772" root="2.16.156.10011.1.12"/>
            <!--检验报告单号标识-->
            <id extension="65857726_76376151" root="2.16.156.10011.1.33"/>
            <!--电子申请单编号-->
            <id extension="51015555301" root="2.16.156.10011.1.24"/>
            <!-- 检验标本编号标识 -->
            <id extension="5104" root="2.16.156.10011.1.14"/>
            <!-- 患者类别代码 -->
            <patientType>
                <patienttypeCode code="3"
                    codeSystem="2.16.156.10011.2.3.1.271"
                    codeSystemName="患者类型代码表" displayName="住院"/>
            </patientType>
            <telecom value="15889666182"/>
            <patient classCode="PSN" determinerCode="INSTANCE">
                <!--患者身份证号标识-->
                <id extension="440301196105100422" root="2.16.156.10011.1.3"/>
                <name>邓仕梅</name>
                <administrativeGenderCode code="2"
                    codeSystem="2.16.156.10011.2.3.3.4"
                    codeSystemName="生理性别代码表(GB/T 2261.1)" displayName="女性"/>
                <!-- 年龄 -->
                <age unit="岁" value="60"/>
            </patient>
        </patientRole>
    </recordTarget>
    <!-- 检验报告医师（文档创作者） -->
    <author contextControlCode="OP" typeCode="AUT">
        <!-- 检验报告日期 -->
        <time value="20220505"/>
        <assignedAuthor classCode="ASSIGNED">
            <id extension="A-556" root="2.16.156.10011.1.7"/>
            <!-- 医师姓名 -->
            <assignedPerson>
                <name>邱耀芳</name>
            </assignedPerson>
        </assignedAuthor>
    </author>
    <!-- 保管机构 -->
    <custodian typeCode="CST">
        <assignedCustodian classCode="ASSIGNED">
            <representedCustodianOrganization classCode="ORG" determinerCode="INSTANCE">
                <id extension="1244030345" root="2.16.156.10011.1.5"/>
                <name>罗湖区人民医院</name>
            </representedCustodianOrganization>
        </assignedCustodian>
    </custodian>
    <!-- 审核医师签名 -->
    <legalAuthenticator>
        <time/>
        <signatureCode/>
        <assignedEntity>
            <id extension="A-556" root="2.16.156.10011.1.4"/>
            <code displayName="审核医师"/>
            <assignedPerson classCode="PSN" determinerCode="INSTANCE">
                <name>邱耀芳</name>
            </assignedPerson>
        </assignedEntity>
    </legalAuthenticator>
    <!-- 检验技师签名 -->
    <authenticator>
        <time/>
        <signatureCode/>
        <assignedEntity>
            <id extension="A-5452" root="2.16.156.10011.1.4"/>
            <code displayName="检验技师"/>
            <assignedPerson classCode="PSN" determinerCode="INSTANCE">
                <name>陈璐</name>
            </assignedPerson>
        </assignedEntity>
    </authenticator>
    <!-- 检验医师签名 -->
    <authenticator>
        <time/>
        <signatureCode/>
        <assignedEntity>
            <id extension="A-5452" root="2.16.156.10011.1.4"/>
            <code displayName="检查验医师"/>
            <assignedPerson classCode="PSN" determinerCode="INSTANCE">
                <name>陈璐</name>
            </assignedPerson>
        </assignedEntity>
    </authenticator>
    <!-- 检验申请机构及科室 -->
    <participant typeCode="PRF">
        <time/>
        <associatedEntity classCode="ASSIGNED">
            <scopingOrganization>
                <id extension="A-30014" root="2.16.156.10011.1.26"/>
                <name>泌尿外科</name>
                <asOrganizationPartOf>
                    <wholeOrganization>
                        <id extension="1244030345" root="2.16.156.10011.1.5"/>
                        <name>罗湖区人民医院</name>
                    </wholeOrganization>
                </asOrganizationPartOf>
            </scopingOrganization>
        </associatedEntity>
    </participant>
    <relatedDocument typeCode="RPLC">
        <parentDocument>
            <id/>
            <setId/>
            <versionNumber/>
        </parentDocument>
    </relatedDocument>
    <!-- 病床号、病房、病区、科室和医院的关联 -->
    <componentOf>
        <encompassingEncounter>
            <effectiveTime/>
            <location>
                <healthCareFacility>
                    <serviceProviderOrganization>
                        <asOrganizationPartOf classCode="PART">
                            <!-- DE01.00.026.00	病床号 -->
                            <wholeOrganization classCode="ORG" determinerCode="INSTANCE">
                                <id extension="08" root="2.16.156.10011.1.22"/>
                                <!-- DE01.00.019.00	病房号 -->
                                <asOrganizationPartOf classCode="PART">
                                    <wholeOrganization classCode="ORG" determinerCode="INSTANCE">
                                    <id extension="358" root="2.16.156.10011.1.21"/>
                                    <!-- DE08.10.026.00	科室名称 -->
                                    <asOrganizationPartOf classCode="PART">
                                    <wholeOrganization
                                    classCode="ORG" determinerCode="INSTANCE">
                                    <id root="2.16.156.10011.1.26"/>
                                    <name>泌尿外科</name>
                                    <!-- DE08.10.054.00	病区名称 -->
                                    <asOrganizationPartOf classCode="PART">
                                    <wholeOrganization
                                    classCode="ORG" determinerCode="INSTANCE">
                                    <id root="2.16.156.10011.1.27"/>
                                    <name>WSBQ-外三病区</name>
                                    <!--XXX医院 -->

                                    <asOrganizationPartOf classCode="PART">

                                    <wholeOrganization
                                    classCode="ORG" determinerCode="INSTANCE">
                                    <id
                                    extension="1244030345" root="2.16.156.10011.1.5"/>
                                    <name>罗湖区人民医院</name>
                                    </wholeOrganization>
                                    </asOrganizationPartOf>
                                    </wholeOrganization>
                                    </asOrganizationPartOf>
                                    </wholeOrganization>
                                    </asOrganizationPartOf>
                                    </wholeOrganization>
                                </asOrganizationPartOf>
                            </wholeOrganization>
                        </asOrganizationPartOf>
                    </serviceProviderOrganization>
                </healthCareFacility>
            </location>
        </encompassingEncounter>
    </componentOf>
    <!--***************************************************
文档体Body
*******************************************************
-->
    <component>
        <structuredBody>
            <!-- 诊断记录章节-->
            <component>
                <section>
                    <code code="29548-5"
                        codeSystem="2.16.840.1.113883.6.1"
                        codeSystemName="LOINC" displayName="Diagnosis"/>
                    <text/>
                    <!--条目：诊断-->
                    <entry>
                        <observation classCode="OBS" moodCode="EVN">
                            <code code="DE05.01.024.00"
                                codeSystem="2.16.156.10011.2.2.1"
                                codeSystemName="卫生信息数据元目录" displayName="诊断代码"/>
                            <!--诊断日期-->
                            <effectiveTime value="20220504"/>
                            <value code="N20.100"
                                codeSystem="2.16.156.10011.2.3.3.11"
                                codeSystemName="ICD-10"
                                displayName="输尿管结石" xsi:type="CD"/>
                            <performer>
                                <assignedEntity>
                                    <id/>
                                    <representedOrganization>
                                    <name>泌尿外科</name>
                                    </representedOrganization>
                                </assignedEntity>
                            </performer>
                        </observation>
                    </entry>
                    <entry>
                        <observation classCode="OBS" moodCode="EVN">
                            <code code="DE05.01.024.00"
                                codeSystem="2.16.156.10011.2.2.1"
                                codeSystemName="卫生信息数据元目录" displayName="诊断代码"/>
                            <!--诊断日期-->
                            <effectiveTime value="20220519"/>
                            <value code="N20.100"
                                codeSystem="2.16.156.10011.2.3.3.11"
                                codeSystemName="ICD-10"
                                displayName="输尿管结石" xsi:type="CD"/>
                            <performer>
                                <assignedEntity>
                                    <id/>
                                    <representedOrganization>
                                    <name>泌尿外科</name>
                                    </representedOrganization>
                                </assignedEntity>
                            </performer>
                        </observation>
                    </entry>
                </section>
            </component>
            <!--实验室检查章节-->
            <component>
                <section>
                    <code code="30954-2"
                        codeSystem="2.16.840.1.113883.6.1"
                        codeSystemName="LOINC" displayName="STUDIES SUMMARY"/>
                    <text/>
                    <entry>
                        <observation classCode="OBS" moodCode="EVN">
                            <code code="DE02.10.027.00"
                                codeSystem="2.16.156.10011.2.2.1"
                                codeSystemName="卫生信息数据元目录" displayName="检验方法名称"/>
                            <value xsi:type="ST">临床化学检查</value>
                        </observation>
                    </entry>
                    <entry>
                        <observation classCode="OBS" moodCode="EVN">
                            <code code="DE04.30.018.00"
                                codeSystem="2.16.156.10011.2.2.1"
                                codeSystemName="卫生信息数据元目录" displayName="检验类别"/>
                            <value xsi:type="ST">葡萄糖</value>
                        </observation>
                    </entry>
                    <entry>
                        <organizer classCode="CLUSTER" moodCode="EVN">
                            <statusCode/>
                            <component>
                                <observation classCode="OBS" moodCode="EVN">
                                    <code code="DE04.30.019.00"
                                    codeSystem="2.16.156.10011.2.2.1"
                                    codeSystemName="卫生信息数据元目录" displayName="检验项目代码"/>
                                    <effectiveTime value="20220505"/>
                                    <value xsi:type="ST">GLU</value>
                                    <entryRelationship typeCode="COMP">
                                    <observation classCode="OBS" moodCode="EVN">
                                    <code code="DE04.50.134.00"
                                    codeSystem="2.16.156.10011.2.2.1"
                                    codeSystemName="卫生信息数据元目录" displayName="标本类别"/>
                                    <effectiveTime>
                                    <low value="20220504110854"/>
                                    <high value="20220505122735"/>
                                    </effectiveTime>
                                    <value xsi:type="ST">血清</value>
                                    </observation>
                                    </entryRelationship>
                                    <entryRelationship typeCode="COMP">
                                    <observation classCode="OBS" moodCode="EVN">
                                    <code code="DE04.50.135.00"
                                    codeSystem="2.16.156.10011.2.2.1"
                                    codeSystemName="卫生信息数据元目录" displayName="标本状态"/>
                                    <value xsi:type="ST">已发送</value>
                                    </observation>
                                    </entryRelationship>
                                </observation>
                            </component>
                            <component>
                                <observation classCode="OBS" moodCode="EVN">
                                    <code code="DE04.30.017.00"
                                    codeSystem="2.16.156.10011.2.2.1"
                                    codeSystemName="卫生信息数据元目录" displayName="检验结果代码"/>
                                    <value code="1"
                                    codeSystem="2.16.156.10011.2.3.2.38"
                                    codeSystemName="检查/检验结果代码表"
                                    displayName="正常" xsi:type="CD"/>
                                </observation>
                            </component>
                            <component>
                                <observation classCode="OBS" moodCode="EVN">
                                    <code code="DE04.30.015.00"
                                    codeSystem="2.16.156.10011.2.2.1"
                                    codeSystemName="卫生信息数据元目录" displayName="检验定量结果"/>
                                    <value value="4.5000" xsi:type="REAL"/>
                                    <entryRelationship typeCode="COMP">
                                    <observation classCode="OBS" moodCode="EVN">
                                    <code code="DE04.30.016.00"
                                    codeSystem="2.16.156.10011.2.2.1"
                                    codeSystemName="卫生信息数据元目录" displayName="检查定量结果计量单位"/>
                                    <value xsi:type="ST">mmol/L</value>
                                    </observation>
                                    </entryRelationship>
                                </observation>
                            </component>
                        </organizer>
                    </entry>
                </section>
            </component>
            <!-- 检验报告章节 -->
            <component>
                <section>
                    <code displayName="检验报告"/>
                    <text/>
                    <entry>
                        <observation classCode="OBS" moodCode="EVN">
                            <code code="DE04.50.130.00"
                                codeSystem="2.16.156.10011.2.2.1"
                                codeSystemName="卫生信息数据元目录" displayName="检验报告结果"/>
                            <value xsi:type="ST">无</value>
                        </observation>
                    </entry>
                    <entry>
                        <observation classCode="OBS" moodCode="EVN">
                            <code code="DE08.10.026.00"
                                codeSystem="2.16.156.10011.2.2.1"
                                codeSystemName="卫生信息数据元目录" displayName="检验报告科室"/>
                            <value xsi:type="ST">医学检验科</value>
                        </observation>
                    </entry>
                    <entry>
                        <observation classCode="OBS" moodCode="EVN">
                            <code code="DE08.10.013.00"
                                codeSystem="2.16.156.10011.2.2.1"
                                codeSystemName="卫生信息数据元目录" displayName="检验报告机构名称"/>
                            <value xsi:type="ST">罗湖区人民医院</value>
                        </observation>
                    </entry>
                    <entry>
                        <observation classCode="OBS" moodCode="EVN">
                            <code code="DE06.00.179.00"
                                codeSystem="2.16.156.10011.2.2.1"
                                codeSystemName="卫生信息数据元目录" displayName="检验报告备注"/>
                            <value xsi:type="ST">无</value>
                        </observation>
                    </entry>
                </section>
            </component>
        </structuredBody>
    </component>
</ClinicalDocument>
