<?xml version="1.0" encoding="UTF-8"?>
<ClinicalDocument xmlns="urn:hl7-org:v3" xmlns:mif="urn:hl7-org:v3/mif"
    xmlns:xsi="http://www.w3.org/2001/XMLSchema-instance" xsi:schemaLocation="urn:hl7-org:v3 ..\sdschemas\SDA.xsd">
    <realmCode code="CN"/>
    <typeId extension="POCD_MT000040" root="2.16.840.1.113883.1.3"/>
    <templateId root="2.16.156.10011.2.1.1.21"/>
    <!-- 文档流水号 -->
    <id extension="C0001_9784785||1" root="2.16.156.10011.1.1"/>
    <code code="C0001" codeSystem="2.16.156.10011.2.4" codeSystemName="卫生信息共享文档编码体系"/>
    <title>病历概要</title>
    <!-- 文档机器生成时间 -->
    <effectiveTime value="20220519000000"/>
    <confidentialityCode code="N" codeSystem="2.16.840.1.113883.5.25"
        codeSystemName="Confidentiality" displayName="正常访问保密级别"/>
    <languageCode code="zh-CN"/>
    <setId/>
    <versionNumber/>
    <recordTarget contextControlCode="OP" typeCode="RCT">
        <patientRole classCode="PAT">
            <!--健康档案标识号-->
            <id extension="40301196105100422" root="2.16.156.10011.1.2"/>
            <!--健康卡号-->
            <id extension="440301196105100422" root="2.16.156.10011.1.19"/>
            <addr use="H">
                <houseNumber>-</houseNumber>
                <streetName>-</streetName>
                <township>大梅沙泊岸雅苑A4-9C</township>
                <county>广东省深圳市盐田区@</county>
                <city>-</city>
                <state>440308000广东省深圳市盐田区@</state>
                <postalCode>518000</postalCode>
            </addr>
            <!-- 患者电话 -->
            <telecom value="15889666182"/>
            <patient classCode="PSN" determinerCode="INSTANCE">
                <!--患者身份证号标识-->
                <id extension="440301196105100422" root="2.16.156.10011.1.3"/>
                <!-- 患者姓名 -->
                <name>邓仕梅</name>
                <!-- 性别代码 -->
                <administrativeGenderCode code="2"
                    codeSystem="2.16.156.10011.2.3.3.4"
                    codeSystemName="生理性别代码表(GB/T 2261.1)" displayName="女性"/>
                <birthTime value="19610510"/>
                <!-- 婚姻状况代码 -->
                <maritalStatusCode code="20"
                    codeSystem="2.16.156.10011.2.3.3.5"
                    codeSystemName="婚姻状况代码表(GB/T 2261.2)" displayName="已婚"/>
                <!-- 民族 -->
                <ethnicGroupCode code="01"
                    codeSystem="2.16.156.10011.2.3.3.3"
                    codeSystemName="民族类别代码表(GB 3304)" displayName="汉族"/>
                <!-- 工作单位 -->
                <employerOrganization>
                    <name>-</name>
                    <telecom value="15889666182"/>
                </employerOrganization>
                <!--职业状况-->
                <occupation>
                    <occupationCode code="90"
                        codeSystem="2.16.156.10011.2.3.3.13"
                        codeSystemName="从业状况(个人身体)代码表(GB/T 2261.4)" displayName="其他"/>
                </occupation>
            </patient>
        </patientRole>
    </recordTarget>
    <!--创建者-->
    <author contextControlCode="OP" typeCode="AUT">
        <!-- 建档日期 -->
        <time value="20220523184932"/>
        <assignedAuthor classCode="ASSIGNED">
            <id extension="3632" root="2.16.156.10011.1.7"/>
            <!-- 建档者姓名 -->
            <assignedPerson>
                <name>黎剑淼</name>
            </assignedPerson>
            <!-- 建档机构 -->
            <representedOrganization>
                <id extension="1244030345" root="2.16.156.10011.1.5"/>
                <name>罗湖区人民医院</name>
            </representedOrganization>
        </assignedAuthor>
    </author>
    <!-- 保管机构 -->
    <custodian typeCode="CST">
        <assignedCustodian classCode="ASSIGNED">
            <representedCustodianOrganization classCode="ORG" determinerCode="INSTANCE">
                <id extension="1244030345" root="2.16.156.10011.1.5"/>
                <name>罗湖区人民医院</name>
            </representedCustodianOrganization>
        </assignedCustodian>
    </custodian>
    <!--其他参与者（联系人）@typeCode: NOT(ugent notification contact)，固定值，表示不同的参与者 -->
    <participant typeCode="NOT">
        <!--联系人@classCode：CON，固定值，表示角色是联系人 -->
        <associatedEntity classCode="ECON">
            <!--联系人类别，表示与患者之间的关系-->
            <code/>
            <!--联系人地址-->
            <addr>
                <houseNumber>-</houseNumber>
                <streetName>-</streetName>
                <township>-</township>
                <county>-</county>
                <city>-</city>
                <state>-</state>
                <postalCode>518000</postalCode>
            </addr>
            <!--电话号码-->
            <telecom use="H" value="13760468011"/>
            <!--联系人-->
            <associatedPerson classCode="PSN" determinerCode="INSTANCE">
                <!--姓名-->
                <name>钟虎生</name>
            </associatedPerson>
        </associatedEntity>
    </participant>
    <relatedDocument typeCode="RPLC">
        <parentDocument>
            <id/>
            <setId/>
            <versionNumber/>
        </parentDocument>
    </relatedDocument>
    <component>
        <structuredBody>
            <!-- 实验室检验章节 -->
            <component>
                <section>
                    <code code="30954-2"
                        codeSystem="2.16.840.1.113883.6.1"
                        codeSystemName="LOINC" displayName="STUDIES SUMMARY"/>
                    <text/>
                    <!-- 血型-->
                    <entry typeCode="COMP">
                        <organizer classCode="BATTERY" moodCode="EVN">
                            <statusCode/>
                            <!-- ABO血型 -->
                            <component contextConductionInd="true" typeCode="COMP">
                                <observation classCode="OBS" moodCode="EVN">
                                    <code code="DE04.50.001.00"
                                    codeSystem="2.16.156.10011.2.2.1" codeSystemName="卫生信息数据元目录"/>
                                    <value code="3"
                                    codeSystem="2.16.156.10011.2.3.1.85"
                                    codeSystemName="ABO血型代码表"
                                    displayName="O型" xsi:type="CD"/>
                                </observation>
                            </component>
                            <!-- Rh血型 -->
                            <component contextConductionInd="true" typeCode="COMP">
                                <observation classCode="OBS" moodCode="EVN">
                                    <code code="DE04.50.010.00"
                                    codeSystem="2.16.156.10011.2.2.1" codeSystemName="卫生信息数据元目录"/>
                                    <value code="2"
                                    codeSystem="2.16.156.10011.2.3.1.250"
                                    codeSystemName="Rh(D)血型代码表"
                                    displayName="阳性" xsi:type="CD"/>
                                </observation>
                            </component>
                        </organizer>
                    </entry>
                </section>
            </component>
            <!-- 既往史章节 -->
            <component>
                <section>
                    <code code="11348-0"
                        codeSystem="2.16.840.1.113883.6.1"
                        codeSystemName="LOINC" displayName="HISTORY OF PAST ILLNESS"/>
                    <text/>
                    <!-- 疾病史（含外伤） -->
                    <entry>
                        <observation classCode="OBS" moodCode="EVN">
                            <code code="DE02.10.026.00"
                                codeSystem="2.16.156.10011.2.2.1"
                                codeSystemName="卫生信息数据元目录" displayName="疾病史（含外伤）"/>
                            <value xsi:type="ST"><![CDATA[患者于4天前无明显诱因始出现右侧腰痛，为阵发性隐痛，可耐受，无向下腹及会阴部放射，未行特殊处理。无恶心、呕吐，无畏寒、发热，无尿频、尿急、尿痛及解肉眼血尿，现为进一步诊疗至我院就诊，查泌尿系彩超提示“右输尿管第一狭窄处结石并右肾轻度积水、右肾多发性结石”，门诊拟“右输尿管结石并右肾积水”而收入我科。起病以来，患者精神尚可，食欲、睡眠一般，大便如常，小便如上述；近期体重无明显改变。]]></value>
                        </observation>
                    </entry>
                    <!-- 传染病史 -->
                    <entry>
                        <observation classCode="OBS" moodCode="EVN">
                            <code code="DE02.10.008.00"
                                codeSystem="2.16.156.10011.2.2.1"
                                codeSystemName="卫生信息数据元目录" displayName="传染病史"/>
                            <value xsi:type="ST"><![CDATA[-]]></value>
                        </observation>
                    </entry>
                    <entry>
                        <observation classCode="OBS" moodCode="EVN">
                            <code code="DE02.10.061.00"
                                codeSystem="2.16.156.10011.2.2.1"
                                codeSystemName="卫生信息数据元目录" displayName="手术史"/>
                            <value xsi:type="ST"><![CDATA[-]]></value>
                        </observation>
                    </entry>
                    <!--婚育史条目-->
                    <entry>
                        <observation classCode="OBS" moodCode="EVN">
                            <code code="DE02.10.098.00"
                                codeSystem="2.16.156.10011.2.2.1"
                                codeSystemName="卫生信息数据元目录" displayName="婚育史"/>
                            <value xsi:type="ST"><![CDATA[已婚，夫妻感情好；已婚育，子女体健。]]></value>
                        </observation>
                    </entry>
                </section>
            </component>
            <!-- 输血章节 -->
            <component>
                <section>
                    <code code="56836-0"
                        codeSystem="2.16.840.1.113883.6.1"
                        codeSystemName="LOINC" displayName="History of blood transfusion"/>
                    <text/>
                    <entry>
                        <observation classCode="OBS" moodCode="EVN">
                            <code code="DE02.10.100.00"
                                codeSystem="2.16.156.10011.2.2.1"
                                codeSystemName="卫生信息数据元目录" displayName="输血史"/>
                            <value xsi:type="ST"><![CDATA[-]]></value>
                        </observation>
                    </entry>
                </section>
            </component>
            <!-- 过敏史章节 -->
            <component>
                <section>
                    <code code="48765-2"
                        codeSystem="2.16.840.1.113883.6.1"
                        codeSystemName="LOINC" displayName="Allergies, adverse reactions, alerts"/>
                    <text/>
                    <!--过敏史条目-->
                    <entry>
                        <observation classCode="OBS" moodCode="EVN">
                            <code code="DE02.10.022.00"
                                codeSystem="2.16.156.10011.2.2.1"
                                codeSystemName="卫生信息数据元目录" displayName="过敏史"/>
                            <value xsi:type="ST"><![CDATA[-]]></value>
                        </observation>
                    </entry>
                </section>
            </component>
            <!--预防接种史章节-->
            <component>
                <section>
                    <code code="11369-6"
                        codeSystem="2.16.840.1.113883.6.1"
                        codeSystemName="LOINC" displayName="HISTORY OF IMMUNIZATIONS"/>
                    <text/>
                    <entry>
                        <observation classCode="OBS" moodCode="EVN">
                            <code code="DE02.10.101.00"
                                codeSystem="2.16.156.10011.2.2.1"
                                codeSystemName="卫生信息数据元目录" displayName="预防接种史"/>
                            <value xsi:type="ST"><![CDATA[-]]></value>
                        </observation>
                    </entry>
                </section>
            </component>
            <!--个人史章节-->
            <component>
                <section>
                    <code code="29762-2"
                        codeSystem="2.16.840.1.113883.6.1"
                        codeSystemName="LOINC" displayName="Social history"/>
                    <text/>
                    <!--个人史条目-->
                    <entry>
                        <observation classCode="OBS" moodCode="EVN">
                            <code code="DE02.10.097.00"
                                codeSystem="2.16.156.10011.2.2.1"
                                codeSystemName="卫生信息数据元目录" displayName="个人史"/>
                            <value xsi:type="ST"><![CDATA[原籍成长，否认疫水、疫区接触史，否认有冶游史。否认有毒化学物质及放射线接触史。无不良生活嗜好。不嗜烟，不嗜酒。]]></value>
                        </observation>
                    </entry>
                </section>
            </component>
            <!--月经史章节-->
            <component>
                <section>
                    <code code="49033-4"
                        codeSystem="2.16.840.1.113883.6.1"
                        codeSystemName="LOINC" displayName="Menstrual History"/>
                    <text/>
                    <!--月经史条目-->
                    <entry>
                        <observation classCode="OBS" moodCode="EVN">
                            <code code="DE02.10.102.00"
                                codeSystem="2.16.156.10011.2.2.1"
                                codeSystemName="卫生信息数据元目录" displayName="月经史"/>
                            <value xsi:type="ST"><![CDATA[初潮年龄:14岁;29-30;5-7;绝经年龄50岁]]></value>
                        </observation>
                    </entry>
                </section>
            </component>
            <!--家族史章节-->
            <component>
                <section>
                    <code code="10157-6"
                        codeSystem="2.16.840.1.113883.6.1"
                        codeSystemName="LOINC" displayName="HISTORY OF FAMILY MEMBER DISEASES"/>
                    <text/>
                    <entry>
                        <observation classCode="OBS" moodCode="EVN">
                            <code code="DE02.10.103.00"
                                codeSystem="2.16.156.10011.2.2.1"
                                codeSystemName="卫生信息数据元目录" displayName="家族史"/>
                            <value xsi:type="ST"><![CDATA[家族中无类似疾病患者。否认有家族性遗传、免疫性和精神性疾病患者。]]></value>
                        </observation>
                    </entry>
                </section>
            </component>
            <!-- 卫生事件章节 -->
            <component>
                <section>
                    <code displayName="卫生事件"/>
                    <text/>
                    <entry>
                        <observation classCode="OBS" moodCode="EVN">
                            <code code="DE08.10.026.00"
                                codeSystem="2.16.156.10011.2.2.1"
                                codeSystemName="卫生信息数据元目录" displayName="医疗机构科室名称"/>
                            <value xsi:type="ST">泌尿外科</value>
                        </observation>
                    </entry>
                    <entry>
                        <observation classCode="OBS" moodCode="EVN">
                            <code code="DE02.01.060.00"
                                codeSystem="2.16.156.10011.2.2.1"
                                codeSystemName="卫生信息数据元目录" displayName="患者类型代码"/>
                            <value code="3"
                                codeSystem="2.16.156.10011.2.3.1.271"
                                codeSystemName="患者类型代码表"
                                displayName="住院" xsi:type="CD"/>
                        </observation>
                    </entry>
                    <entry>
                        <observation classCode="OBS" moodCode="EVN">
                            <code code="DE01.00.010.00"
                                codeSystem="2.16.156.10011.2.2.1"
                                codeSystemName="卫生信息数据元目录" displayName="门（急）诊号"/>
                            <value xsi:type="ST">0004030370</value>
                        </observation>
                    </entry>
                    <entry>
                        <observation classCode="OBS" moodCode="EVN">
                            <code code="DE01.00.014.00"
                                codeSystem="2.16.156.10011.2.2.1"
                                codeSystemName="卫生信息数据元目录" displayName="住院号"/>
                            <value xsi:type="ST">00402772</value>
                        </observation>
                    </entry>
                    <entry>
                        <organizer classCode="BATTERY" moodCode="EVN">
                            <statusCode/>
                            <component>
                                <observation classCode="OBS" moodCode="EVN">
                                    <code code="DE06.00.092.00"
                                    codeSystem="2.16.156.10011.2.2.1"
                                    codeSystemName="卫生信息数据元目录" displayName="入院日期时间"/>
                                    <value value="20220504000000" xsi:type="TS"/>
                                </observation>
                            </component>
                            <component>
                                <observation classCode="OBS" moodCode="EVN">
                                    <code code="DE06.00.017.00"
                                    codeSystem="2.16.156.10011.2.2.1"
                                    codeSystemName="卫生信息数据元目录" displayName="出院日期时间"/>
                                    <value value="20220519083121" xsi:type="TS"/>
                                </observation>
                            </component>
                        </organizer>
                    </entry>
                    <entry>
                        <observation classCode="OBS" moodCode="EVN">
                            <code code="DE04.01.018.00"
                                codeSystem="2.16.156.10011.2.2.1"
                                codeSystemName="卫生信息数据元目录" displayName="发病日期时间"/>
                            <value value="20220504000000" xsi:type="TS"/>
                        </observation>
                    </entry>
                    <entry>
                        <observation classCode="OBS" moodCode="EVN">
                            <code code="DE05.10.053.00"
                                codeSystem="2.16.156.10011.2.2.1"
                                codeSystemName="卫生信息数据元目录" displayName="就诊原因"/>
                            <!-- 就诊日期时间 DE06.00.062.00-->
                            <effectiveTime value="20220504000000"/>
                            <value xsi:type="ST"><![CDATA[输尿管结石(右侧)]]></value>
                        </observation>
                    </entry>
                    <!--条目：诊断-->
                    <entry>
                        <observation classCode="OBS" moodCode="EVN">
                            <code code="DE05.01.024.00"
                                codeSystem="2.16.156.10011.2.2.1"
                                codeSystemName="卫生信息数据元目录" displayName="西医诊断编码">
                                <qualifier>
                                    <name displayName="西医诊断编码"/>
                                </qualifier>
                            </code>
                            <value code="N20.100"
                                codeSystem="2.16.156.10011.2.3.3.11"
                                codeSystemName="ICD-10"
                                displayName="输尿管结石" xsi:type="CD"/>
                            <entryRelationship typeCode="COMP">
                                <observation classCode="OBS" moodCode="EVN">
                                    <code code="DE05.10.113.00"
                                    codeSystem="2.16.156.10011.2.2.1"
                                    codeSystemName="卫生信息数据元目录" displayName="病情转归代码"/>
                                    <value code="1"
                                    codeSystem="2.16.156.10011.2.3.1.148"
                                    codeSystemName="病情转归代码表"
                                    displayName="治愈" xsi:type="CD"/>
                                </observation>
                            </entryRelationship>
                        </observation>
                    </entry>
                    <!--条目：诊断-->
                    <entry>
                        <observation classCode="OBS" moodCode="EVN">
                            <code code="DE05.01.024.00"
                                codeSystem="2.16.156.10011.2.2.1"
                                codeSystemName="卫生信息数据元目录" displayName="其他西医诊断编码">
                                <qualifier>
                                    <name displayName="其他西医诊断编码"/>
                                </qualifier>
                            </code>
                            <value code="B18.107"
                                codeSystem="2.16.156.10011.2.3.3.11"
                                codeSystemName="ICD-10"
                                displayName="慢性乙型病毒性肝炎" xsi:type="CD"/>
                        </observation>
                    </entry>
                    <entry>
                        <observation classCode="OBS" moodCode="EVN">
                            <code code="DE05.01.024.00"
                                codeSystem="2.16.156.10011.2.2.1"
                                codeSystemName="卫生信息数据元目录" displayName="其他西医诊断编码">
                                <qualifier>
                                    <name displayName="其他西医诊断编码"/>
                                </qualifier>
                            </code>
                            <value code="E78.500"
                                codeSystem="2.16.156.10011.2.3.3.11"
                                codeSystemName="ICD-10"
                                displayName="高脂血症" xsi:type="CD"/>
                        </observation>
                    </entry>
                    <entry>
                        <observation classCode="OBS" moodCode="EVN">
                            <code code="DE05.01.024.00"
                                codeSystem="2.16.156.10011.2.2.1"
                                codeSystemName="卫生信息数据元目录" displayName="其他西医诊断编码">
                                <qualifier>
                                    <name displayName="其他西医诊断编码"/>
                                </qualifier>
                            </code>
                            <value code="I10.x04"
                                codeSystem="2.16.156.10011.2.3.3.11"
                                codeSystemName="ICD-10"
                                displayName="高血压2级" xsi:type="CD"/>
                        </observation>
                    </entry>
                    <entry>
                        <observation classCode="OBS" moodCode="EVN">
                            <code code="DE05.01.024.00"
                                codeSystem="2.16.156.10011.2.2.1"
                                codeSystemName="卫生信息数据元目录" displayName="其他西医诊断编码">
                                <qualifier>
                                    <name displayName="其他西医诊断编码"/>
                                </qualifier>
                            </code>
                            <value code="N13.100"
                                codeSystem="2.16.156.10011.2.3.3.11"
                                codeSystemName="ICD-10"
                                displayName="肾盂积水伴有输尿管狭窄，不可归类在他处者" xsi:type="CD"/>
                        </observation>
                    </entry>
                    <entry>
                        <observation classCode="OBS" moodCode="EVN">
                            <code code="DE05.01.024.00"
                                codeSystem="2.16.156.10011.2.2.1"
                                codeSystemName="卫生信息数据元目录" displayName="其他西医诊断编码">
                                <qualifier>
                                    <name displayName="其他西医诊断编码"/>
                                </qualifier>
                            </code>
                            <value code="N13.300"
                                codeSystem="2.16.156.10011.2.3.3.11"
                                codeSystemName="ICD-10"
                                displayName="肾盂积水，其他的" xsi:type="CD"/>
                        </observation>
                    </entry>
                    <entry>
                        <observation classCode="OBS" moodCode="EVN">
                            <code code="DE05.01.024.00"
                                codeSystem="2.16.156.10011.2.2.1"
                                codeSystemName="卫生信息数据元目录" displayName="其他西医诊断编码">
                                <qualifier>
                                    <name displayName="其他西医诊断编码"/>
                                </qualifier>
                            </code>
                            <value code="N13.600"
                                codeSystem="2.16.156.10011.2.3.3.11"
                                codeSystemName="ICD-10"
                                displayName="肾积脓" xsi:type="CD"/>
                        </observation>
                    </entry>
                    <entry>
                        <observation classCode="OBS" moodCode="EVN">
                            <code code="DE05.01.024.00"
                                codeSystem="2.16.156.10011.2.2.1"
                                codeSystemName="卫生信息数据元目录" displayName="其他西医诊断编码">
                                <qualifier>
                                    <name displayName="其他西医诊断编码"/>
                                </qualifier>
                            </code>
                            <value code="N39.000"
                                codeSystem="2.16.156.10011.2.3.3.11"
                                codeSystemName="ICD-10"
                                displayName="泌尿道感染" xsi:type="CD"/>
                        </observation>
                    </entry>
                    <entry>
                        <observation classCode="OBS" moodCode="EVN">
                            <code code="DE05.10.130.00"
                                codeSystem="2.16.156.10011.2.2.1"
                                codeSystemName="卫生信息数据元目录" displayName="中医病名代码">
                                <qualifier>
                                    <name displayName="中医病名代码"/>
                                </qualifier>
                            </code>
                            <entryRelationship typeCode="COMP">
                                <observation classCode="OBS" moodCode="EVN">
                                    <code code="DE05.10.113.00"
                                    codeSystem="2.16.156.10011.2.2.1"
                                    codeSystemName="卫生信息数据元目录" displayName="病情转归代码"/>
                                    <value code="1"
                                    codeSystem="2.16.156.10011.2.3.1.148"
                                    codeSystemName="病情转归代码表"
                                    displayName="治愈" xsi:type="CD"/>
                                </observation>
                            </entryRelationship>
                        </observation>
                    </entry>
                    <!-- 手术及操作编码 DE06.00.093.00 -->
                    <entry>
                        <observation classCode="OBS" moodCode="EVN">
                            <code code="DE08.50.022.00"
                                codeSystem="2.16.156.10011.2.2.1"
                                codeSystemName="卫生信息数据元目录" displayName="关键药物名称"/>
                            <value xsi:type="ST"><![CDATA[-]]></value>
                            <entryRelationship typeCode="COMP">
                                <observation classCode="OBS" moodCode="EVN">
                                    <code code="DE06.00.136.00"
                                    codeSystem="2.16.156.10011.2.2.1"
                                    codeSystemName="卫生信息数据元目录" displayName="关键药物用法"/>
                                    <value xsi:type="ST"><![CDATA[-]]></value>
                                </observation>
                            </entryRelationship>
                            <entryRelationship typeCode="COMP">
                                <observation classCode="OBS" moodCode="EVN">
                                    <code code="DE06.00.129.00"
                                    codeSystem="2.16.156.10011.2.2.1"
                                    codeSystemName="卫生信息数据元目录" displayName="药物不良反应情况"/>
                                    <value xsi:type="ST"><![CDATA[-]]></value>
                                </observation>
                            </entryRelationship>
                            <entryRelationship typeCode="COMP">
                                <observation classCode="OBS" moodCode="EVN">
                                    <code code="DE06.00.164.00"
                                    codeSystem="2.16.156.10011.2.2.1"
                                    codeSystemName="卫生信息数据元目录" displayName="中药使用类别代码"/>
                                    <value code="1"
                                    codeSystem="2.16.156.10011.2.3.1.157"
                                    codeSystemName="中药使用类别代码表"
                                    displayName="未使用" xsi:type="CD"/>
                                </observation>
                            </entryRelationship>
                        </observation>
                    </entry>
                    <entry>
                        <observation classCode="OBS" moodCode="EVN">
                            <code code="DE06.00.251.00"
                                codeSystem="2.16.156.10011.2.2.1"
                                codeSystemName="卫生信息数据元目录" displayName="其他医学处置"/>
                            <value xsi:type="ST"><![CDATA[-]]></value>
                        </observation>
                    </entry>
                    <entry>
                        <observation classCode="OBS" moodCode="EVN">
                            <code code="DE02.01.039.00"
                                codeSystem="2.16.156.10011.2.2.1"
                                codeSystemName="卫生信息数据元目录" displayName="责任医师姓名"/>
                            <value xsi:type="ST">黎剑淼</value>
                        </observation>
                    </entry>
                    <!-- 费用条目 -->
                    <entry>
                        <organizer classCode="CLUSTER" moodCode="EVN">
                            <statusCode/>
                            <component>
                                <observation classCode="OBS" moodCode="EVN">
                                    <code code="DE02.01.044.00"
                                    codeSystem="2.16.156.10011.2.2.1"
                                    codeSystemName="卫生信息数据元目录" displayName="医疗保险类别代码"/>
                                    <value code="02"
                                    codeSystem="2.16.156.10011.2.3.1.248"
                                    codeSystemName="医疗保险类别代码表"
                                    displayName="城镇居民基本医疗保险" xsi:type="CD"/>
                                </observation>
                            </component>
                            <component>
                                <observation classCode="OBS" moodCode="EVN">
                                    <code code="DE07.00.007.00"
                                    codeSystem="2.16.156.10011.2.2.1"
                                    codeSystemName="卫生信息数据元目录" displayName="医疗付费方式代码"/>
                                    <value code="02"
                                    codeSystem="2.16.156.10011.2.3.1.269"
                                    codeSystemName="医疗付费方式代码表"
                                    displayName="城镇居民基本医疗保险" xsi:type="CD"/>
                                </observation>
                            </component>
                            <component>
                                <observation classCode="OBS" moodCode="EVN">
                                    <code code="DE07.00.004.00"
                                    codeSystem="2.16.156.10011.2.2.1"
                                    codeSystemName="卫生信息数据元目录" displayName="门诊费用金额"/>
                                    <value currency="元" value="0.00" xsi:type="MO"/>
                                </observation>
                            </component>
                            <component>
                                <observation classCode="OBS" moodCode="EVN">
                                    <code code="DE07.00.010.00"
                                    codeSystem="2.16.156.10011.2.2.1"
                                    codeSystemName="卫生信息数据元目录" displayName="住院费用金额"/>
                                    <value currency="元" value="24210.97" xsi:type="MO"/>
                                </observation>
                            </component>
                            <component>
                                <observation classCode="OBS" moodCode="EVN">
                                    <code code="DE07.00.001.00"
                                    codeSystem="2.16.156.10011.2.2.1"
                                    codeSystemName="卫生信息数据元目录" displayName="个人承担费用金额"/>
                                    <value currency="元" value="2114.49" xsi:type="MO"/>
                                </observation>
                            </component>
                        </organizer>
                    </entry>
                </section>
            </component>
        </structuredBody>
    </component>
</ClinicalDocument>
