<?xml version="1.0" encoding="UTF-8"?>
<ClinicalDocument xmlns="urn:hl7-org:v3" xmlns:mif="urn:hl7-org:v3/mif"
    xmlns:xsi="http://www.w3.org/2001/XMLSchema-instance" xsi:schemaLocation="urn:hl7-org:v3 ..\sdschemas\SDA.xsd">
    <!--
********************************************************
Header
********************************************************
-->
    <realmCode code="CN"/>
    <typeId extension="POCD_MT000040" root="2.16.840.1.113883.1.3"/>
    <templateId root="2.16.156.10011.2.1.1.28"/>
    <!-- 文档流水号 -->
    <id extension="C0008_18264317_79" root="2.16.156.10011.1.1"/>
    <code code="C0008" codeSystem="2.16.156.10011.2.4" codeSystemName="卫生信息共享文档编码体系"/>
    <title>治疗记录</title>
    <!-- 文档机器生成时间 -->
    <effectiveTime value="20220509000000"/>
    <confidentialityCode code="N" codeSystem="2.16.840.1.113883.5.25"
        codeSystemName="Confidentiality" displayName="正常访问保密级别"/>
    <languageCode code="zh-CN"/>
    <setId/>
    <versionNumber/>
    <!--文档记录对象（患者） [1..*] contextControlCode="OP"表示本信息可以被重载-->
    <recordTarget contextControlCode="OP" typeCode="RCT">
        <patientRole classCode="PAT">
            <!--门诊号标识-->
            <id extension="EP0001108470" root="2.16.156.10011.1.11"/>
            <!--住院号标识-->
            <id extension="00402772" root="2.16.156.10011.1.12"/>
            <!--电子申请单编号-->
            <id extension="18264317||79" root="2.16.156.10011.1.24"/>
            <patient classCode="PSN" determinerCode="INSTANCE">
                <!--患者身份证号标识-->
                <id extension="440301196105100422" root="2.16.156.10011.1.3"/>
                <name>邓仕梅</name>
                <administrativeGenderCode code="2"
                    codeSystem="2.16.156.10011.2.3.3.4"
                    codeSystemName="生理性别代码表(GB/T 2261.1)" displayName="女性"/>
                <!-- 年龄 -->
                <age unit="岁" value=""/>
            </patient>
        </patientRole>
    </recordTarget>
    <!-- 文档创作者 -->
    <author contextControlCode="OP" typeCode="AUT">
        <time value="20220520"/>
        <assignedAuthor classCode="ASSIGNED">
            <id extension="0" root="2.16.156.10011.1.7"/>
            <assignedPerson>
                <name>郭勇</name>
            </assignedPerson>
        </assignedAuthor>
    </author>
    <!-- 保管机构 -->
    <custodian typeCode="CST">
        <assignedCustodian classCode="ASSIGNED">
            <representedCustodianOrganization classCode="ORG" determinerCode="INSTANCE">
                <id extension="1244030345" root="2.16.156.10011.1.5"/>
                <name>罗湖区人民医院</name>
            </representedCustodianOrganization>
        </assignedCustodian>
    </custodian>
    <!--医嘱执行者签名-->
    <authenticator>
        <!--签名日期时间-->
        <time value="20220509000000"/>
        <signatureCode/>
        <assignedEntity>
            <id extension="" root="2.16.156.10011.1.4"/>
            <code displayName="医嘱执行者"/>
            <assignedPerson>
                <name>-</name>
            </assignedPerson>
        </assignedEntity>
    </authenticator>
    <relatedDocument typeCode="RPLC">
        <parentDocument>
            <id/>
            <setId/>
            <versionNumber/>
        </parentDocument>
    </relatedDocument>
    <!-- 病床号、病房、病区、科室和医院的关联 -->
    <componentOf>
        <encompassingEncounter>
            <!-- 入院日期时间 -->
            <effectiveTime/>
            <location>
                <healthCareFacility>
                    <serviceProviderOrganization>
                        <asOrganizationPartOf classCode="PART">
                            <!-- DE01.00.026.00	病床号 -->
                            <wholeOrganization classCode="ORG" determinerCode="INSTANCE">
                                <id extension="08" root="2.16.156.10011.1.22"/>
                                <name>08</name>
                                <!-- DE01.00.019.00	病房号 -->
                                <asOrganizationPartOf classCode="PART">
                                    <wholeOrganization classCode="ORG" determinerCode="INSTANCE">
                                    <id extension="1102-8" root="2.16.156.10011.1.21"/>
                                    <name>1102</name>
                                    <!-- DE08.10.026.00	科室名称 -->
                                    <asOrganizationPartOf classCode="PART">
                                    <wholeOrganization
                                    classCode="ORG" determinerCode="INSTANCE">
                                    <id extension="30014" root="2.16.156.10011.1.26"/>
                                    <name>MNWK-泌尿外科</name>
                                    <!-- DE08.10.054.00	病区名称 -->
                                    <asOrganizationPartOf classCode="PART">
                                    <wholeOrganization
                                    classCode="ORG" determinerCode="INSTANCE">
                                    <id
                                    extension="40012" root="2.16.156.10011.1.27"/>
                                    <name>WSBQ-外三病区</name>
                                    <!--XXX医院 -->

                                    <asOrganizationPartOf classCode="PART">

                                    <wholeOrganization
                                    classCode="ORG" determinerCode="INSTANCE">
                                    <id
                                    extension="1244030345" root="2.16.156.10011.1.5"/>
                                    <name>罗湖区人民医院</name>
                                    </wholeOrganization>
                                    </asOrganizationPartOf>
                                    </wholeOrganization>
                                    </asOrganizationPartOf>
                                    </wholeOrganization>
                                    </asOrganizationPartOf>
                                    </wholeOrganization>
                                </asOrganizationPartOf>
                            </wholeOrganization>
                        </asOrganizationPartOf>
                    </serviceProviderOrganization>
                </healthCareFacility>
            </location>
        </encompassingEncounter>
    </componentOf>
    <!--
*******************************************************
文档体Body
*******************************************************
-->
    <component>
        <structuredBody>
            <!-- 既往史章节 -->
            <component>
                <section>
                    <code code="11348-0"
                        codeSystem="2.16.840.1.113883.6.1"
                        codeSystemName="LOINC" displayName="HISTORY OF PAST ILLNESS"/>
                    <text/>
                    <entry>
                        <observation classCode="OBS" moodCode="EVN">
                            <code code="DE05.10.165.00"
                                codeSystem="2.16.156.10011.2.2.1"
                                codeSystemName="卫生信息数据元目录" displayName="有创诊疗操作标志"/>
                            <value value="false" xsi:type="BL"/>
                        </observation>
                    </entry>
                    <entry>
                        <!-- 过敏史标志 -->
                        <observation classCode="OBS" moodCode="EVN">
                            <code code="DE02.10.023.00"
                                codeSystem="2.16.156.10011.2.2.1"
                                codeSystemName="卫生信息数据元目录" displayName="过敏史标志"/>
                            <value value="true" xsi:type="BL"/>
                            <entryRelationship typeCode="COMP">
                                <observation classCode="OBS" moodCode="EVN">
                                    <code code="DE02.10.022.00"
                                    codeSystem="2.16.156.10011.2.2.1"
                                    codeSystemName="卫生信息数据元目录" displayName="过敏史"/>
                                    <value xsi:type="ST"><![CDATA[无]]></value>
                                </observation>
                            </entryRelationship>
                        </observation>
                    </entry>
                </section>
            </component>
            <!--生命体征章节-->
            <component>
                <section>
                    <code code="8716-3"
                        codeSystem="2.16.840.1.113883.6.1"
                        codeSystemName="LOINC" displayName="VITAL SIGNS"/>
                    <text/>
                    <!--体格检查-体重（kg）-->
                    <entry>
                        <observation classCode="OBS" moodCode="EVN">
                            <code code="DE04.10.188.00"
                                codeSystem="2.16.156.10011.2.2.1"
                                codeSystemName="卫生信息数据元目录" displayName="体重（kg）"/>
                            <value unit="kg" value="" xsi:type="PQ"/>
                        </observation>
                    </entry>
                </section>
            </component>
            <!--
********************************************************
入院诊断章节
********************************************************
-->
            <component>
                <!-- 循环遍历 -->
                <section>
                    <code code="46241-6"
                        codeSystem="2.16.840.1.113883.6.1"
                        codeSystemName="LOINC" displayName="HOSPITAL ADMISSION DX"/>
                    <text/>
                    <!--疾病诊断编码-->
                    <entry>
                        <observation classCode="OBS" moodCode="EVN">
                            <!--疾病诊断编码-->
                            <code code="DE05.01.024.00"
                                codeSystem="2.16.156.10011.2.2.1"
                                codeSystemName="卫生信息数据元目录" displayName="疾病诊断编码"/>
                            <value code="B18.107"
                                codeSystem="2.16.156.10011.2.3.3.11"
                                codeSystemName="ICD-10"
                                displayName="慢性乙型病毒性肝炎" xsi:type="CD"/>
                        </observation>
                    </entry>
                    <entry>
                        <observation classCode="OBS" moodCode="EVN">
                            <!--疾病诊断编码-->
                            <code code="DE05.01.024.00"
                                codeSystem="2.16.156.10011.2.2.1"
                                codeSystemName="卫生信息数据元目录" displayName="疾病诊断编码"/>
                            <value code="E78.500"
                                codeSystem="2.16.156.10011.2.3.3.11"
                                codeSystemName="ICD-10"
                                displayName="高脂血症" xsi:type="CD"/>
                        </observation>
                    </entry>
                    <entry>
                        <observation classCode="OBS" moodCode="EVN">
                            <!--疾病诊断编码-->
                            <code code="DE05.01.024.00"
                                codeSystem="2.16.156.10011.2.2.1"
                                codeSystemName="卫生信息数据元目录" displayName="疾病诊断编码"/>
                            <value code="I10.x04"
                                codeSystem="2.16.156.10011.2.3.3.11"
                                codeSystemName="ICD-10"
                                displayName="高血压2级" xsi:type="CD"/>
                        </observation>
                    </entry>
                    <entry>
                        <observation classCode="OBS" moodCode="EVN">
                            <!--疾病诊断编码-->
                            <code code="DE05.01.024.00"
                                codeSystem="2.16.156.10011.2.2.1"
                                codeSystemName="卫生信息数据元目录" displayName="疾病诊断编码"/>
                            <value code="N13.100"
                                codeSystem="2.16.156.10011.2.3.3.11"
                                codeSystemName="ICD-10"
                                displayName="肾盂积水伴有输尿管狭窄，不可归类在他处者" xsi:type="CD"/>
                        </observation>
                    </entry>
                    <entry>
                        <observation classCode="OBS" moodCode="EVN">
                            <!--疾病诊断编码-->
                            <code code="DE05.01.024.00"
                                codeSystem="2.16.156.10011.2.2.1"
                                codeSystemName="卫生信息数据元目录" displayName="疾病诊断编码"/>
                            <value code="N13.300"
                                codeSystem="2.16.156.10011.2.3.3.11"
                                codeSystemName="ICD-10"
                                displayName="肾盂积水，其他的" xsi:type="CD"/>
                        </observation>
                    </entry>
                    <entry>
                        <observation classCode="OBS" moodCode="EVN">
                            <!--疾病诊断编码-->
                            <code code="DE05.01.024.00"
                                codeSystem="2.16.156.10011.2.2.1"
                                codeSystemName="卫生信息数据元目录" displayName="疾病诊断编码"/>
                            <value code="N13.600"
                                codeSystem="2.16.156.10011.2.3.3.11"
                                codeSystemName="ICD-10"
                                displayName="肾积脓" xsi:type="CD"/>
                        </observation>
                    </entry>
                    <entry>
                        <observation classCode="OBS" moodCode="EVN">
                            <!--疾病诊断编码-->
                            <code code="DE05.01.024.00"
                                codeSystem="2.16.156.10011.2.2.1"
                                codeSystemName="卫生信息数据元目录" displayName="疾病诊断编码"/>
                            <value code="N20.100"
                                codeSystem="2.16.156.10011.2.3.3.11"
                                codeSystemName="ICD-10"
                                displayName="输尿管结石" xsi:type="CD"/>
                        </observation>
                    </entry>
                    <entry>
                        <observation classCode="OBS" moodCode="EVN">
                            <!--疾病诊断编码-->
                            <code code="DE05.01.024.00"
                                codeSystem="2.16.156.10011.2.2.1"
                                codeSystemName="卫生信息数据元目录" displayName="疾病诊断编码"/>
                            <value code="N39.000"
                                codeSystem="2.16.156.10011.2.3.3.11"
                                codeSystemName="ICD-10"
                                displayName="泌尿道感染" xsi:type="CD"/>
                        </observation>
                    </entry>
                </section>
            </component>
            <!--
********************************************************
治疗计划章节
********************************************************
-->
            <component>
                <section>
                    <code code="18776-5"
                        codeSystem="2.16.840.1.113883.6.1"
                        codeSystemName="LOINC" displayName="TREATMENT PLAN"/>
                    <text/>
                    <!--处理及指导意见-->
                    <entry>
                        <observation classCode="OBS" moodCode="INT">
                            <!--处理及指导意见-->
                            <code code="DE06.00.018.00"
                                codeSystem="2.16.156.10011.2.2.1"
                                codeSystemName="卫生信息数据元目录" displayName="处理及指导意见"/>
                            <value xsi:type="ST"><![CDATA[无]]></value>
                        </observation>
                    </entry>
                    <!--医嘱使用备注-->
                    <entry>
                        <observation classCode="OBS" moodCode="INT">
                            <!--医嘱使用备注-->
                            <code code="DE06.00.179.00"
                                codeSystem="2.16.156.10011.2.2.1"
                                codeSystemName="卫生信息数据元目录" displayName="医嘱使用备注"/>
                            <value xsi:type="ST"><![CDATA[无]]></value>
                        </observation>
                    </entry>
                    <!--今后治疗方案-->
                    <entry>
                        <observation classCode="OBS" moodCode="INT">
                            <!--今后治疗方案-->
                            <code code="DE06.00.159.00"
                                codeSystem="2.16.156.10011.2.2.1"
                                codeSystemName="卫生信息数据元目录" displayName="今后治疗方案"/>
                            <value xsi:type="ST"><![CDATA[无]]></value>
                        </observation>
                    </entry>
                    <!--随访条目-->
                    <entry>
                        <observation classCode="CASE" moodCode="EVN">
                            <!--活动代码（随访）-->
                            <code code="DE06.00.108.00"
                                codeSystem="2.16.156.10011.2.2.1"
                                codeSystemName="卫生信息数据元目录" displayName="随访方式"/>
                            <!--随访时间（数据元）-->
                            <effectiveTime value="20220526"/>
                            <value code="9"
                                codeSystem="2.16.156.10011.2.3.1.183"
                                codeSystemName="随访方式代码表"
                                displayName="其他" xsi:type="CD"/>
                            <!--随访周期建议代码-->
                            <entryRelationship typeCode="COMP">
                                <observation classCode="OBS" moodCode="EVN">
                                    <code code="DE06.00.112.00"
                                    codeSystem="2.16.156.10011.2.2.1"
                                    codeSystemName="卫生信息数据元目录" displayName="随访周期建议代码"/>
                                    <value code="99"
                                    codeSystem="2.16.156.10011.2.3.1.184"
                                    codeSystemName="随访周期建议代码表"
                                    displayName="其他" xsi:type="CD"/>
                                </observation>
                            </entryRelationship>
                        </observation>
                    </entry>
                </section>
            </component>
            <!--
********************************************************
手术操作章节
********************************************************
-->
            <!--用药管理章节-->
        </structuredBody>
    </component>
</ClinicalDocument>
