<?xml version="1.0" encoding="UTF-8"?>
<ClinicalDocument xmlns="urn:hl7-org:v3" xmlns:mif="urn:hl7-org:v3/mif"
    xmlns:xsi="http://www.w3.org/2001/XMLSchema-instance" xsi:schemaLocation="urn:hl7-org:v3 ..\sdschemas\SDA.xsd">
    <realmCode code="CN"/>
    <typeId extension="POCD_MT000040" root="2.16.840.1.113883.1.3"/>
    <templateId root="2.16.156.10011.2.1.1.68"/>
    <!-- 文档流水号 -->
    <id extension="C0048_9765507||4" root="2.16.156.10011.1.1"/>
    <code code="C0048" codeSystem="2.16.156.10011.2.4" codeSystemName="卫生信息共享文档编码体系"/>
    <!--title-->
    <title>术后首次病程记录</title>
    <!-- 文档机器生成时间 -->
    <effectiveTime value="20220519000000"/>
    <confidentialityCode code="N" codeSystem="2.16.840.1.113883.5.25"
        codeSystemName="Confidentiality" displayName="正常访问保密级别"/>
    <languageCode code="zh-CN"/>
    <setId/>
    <versionNumber/>
    <recordTarget contextControlCode="OP" typeCode="RCT">
        <patientRole classCode="PAT">
            <!--住院号 -->
            <id extension="00402772" root="2.16.156.10011.1.12"/>
            <patient classCode="PSN" determinerCode="INSTANCE">
                <!--患者身份证号标识-->
                <id extension="440301196105100422" root="2.16.156.10011.1.3"/>
                <name>邓仕梅</name>
                <administrativeGenderCode code="2"
                    codeSystem="2.16.156.10011.2.3.3.4"
                    codeSystemName="生理性别代码表(GB/T 2261.1)" displayName="女性"/>
                <age unit="岁" value="60"/>
            </patient>
        </patientRole>
    </recordTarget>
    <author contextControlCode="OP" typeCode="AUT">
        <time value="20220615040303"/>
        <assignedAuthor classCode="ASSIGNED">
            <id extension="378" root="2.16.156.10011.1.7"/>
            <assignedPerson>
                <name>甘露</name>
            </assignedPerson>
        </assignedAuthor>
    </author>
    <custodian typeCode="CST">
        <assignedCustodian classCode="ASSIGNED">
            <representedCustodianOrganization classCode="ORG" determinerCode="INSTANCE">
                <id extension="1244030345" root="2.16.156.10011.1.5"/>
                <name>罗湖区人民医院</name>
            </representedCustodianOrganization>
        </assignedCustodian>
    </custodian>
    <authenticator>
        <time value="20220509113158"/>
        <signatureCode/>
        <assignedEntity>
            <id extension="378" root="2.16.156.10011.1.4"/>
            <code code="医师"/>
            <assignedPerson>
                <name>甘露</name>
            </assignedPerson>
        </assignedEntity>
    </authenticator>
    <participant typeCode="NOT">
        <!--联系人@classCode：CON，固定值，表示角色是联系人 -->
        <associatedEntity classCode="ECON">
            <!--联系人电话-->
            <telecom value=""/>
            <!--联系人-->
            <associatedPerson>
                <!--姓名-->
                <name/>
            </associatedPerson>
        </associatedEntity>
    </participant>
    <relatedDocument typeCode="RPLC">
        <parentDocument>
            <id/>
            <setId/>
            <versionNumber/>
        </parentDocument>
    </relatedDocument>
    <!-- 病床号、病房、病区、科室和医院的关联 -->
    <componentOf>
        <encompassingEncounter>
            <effectiveTime/>
            <location>
                <healthCareFacility>
                    <serviceProviderOrganization>
                        <asOrganizationPartOf classCode="PART">
                            <!--HDSD00.09.003	DE01.00.026.00	病床号 -->
                            <wholeOrganization classCode="ORG" determinerCode="INSTANCE">
                                <id extension="08" root="2.16.156.10011.1.22"/>
                                <name>08</name>
                                <!--HDSD00.09.004	DE01.00.019.00	病房号 -->
                                <asOrganizationPartOf classCode="PART">
                                    <wholeOrganization classCode="ORG" determinerCode="INSTANCE">
                                    <id extension="1102-" root="2.16.156.10011.1.21"/>
                                    <name>1102</name>
                                    <!--HDSD00.09.036	DE08.10.026.00	科室名称 -->
                                    <asOrganizationPartOf classCode="PART">
                                    <wholeOrganization
                                    classCode="ORG" determinerCode="INSTANCE">
                                    <id extension="30014" root="2.16.156.10011.1.26"/>
                                    <name>泌尿外科</name>
                                    <!--HDSD00.09.005	DE08.10.054.00	病区名称 -->
                                    <asOrganizationPartOf classCode="PART">
                                    <wholeOrganization
                                    classCode="ORG" determinerCode="INSTANCE">
                                    <id
                                    extension="40012" root="2.16.156.10011.1.27"/>
                                    <name>外三病区</name>
                                    <!--XXX医院 -->

                                    <asOrganizationPartOf classCode="PART">

                                    <wholeOrganization
                                    classCode="ORG" determinerCode="INSTANCE">
                                    <id
                                    extension="1244030345" root="2.16.156.10011.1.5"/>
                                    <name>罗湖区人民医院</name>
                                    </wholeOrganization>
                                    </asOrganizationPartOf>
                                    </wholeOrganization>
                                    </asOrganizationPartOf>
                                    </wholeOrganization>
                                    </asOrganizationPartOf>
                                    </wholeOrganization>
                                </asOrganizationPartOf>
                            </wholeOrganization>
                        </asOrganizationPartOf>
                    </serviceProviderOrganization>
                </healthCareFacility>
            </location>
        </encompassingEncounter>
    </componentOf>
    <component>
        <structuredBody>
            <!--手术操作章节-->
            <component>
                <section>
                    <code code="47519-4"
                        codeSystem="2.16.840.1.113883.6.1"
                        codeSystemName="LOINC" displayName="HISTORY OF PROCEDURES"/>
                    <text/>
                    <!-- 手术及操作编码 DE06.00.093.00 -->
                    <entry>
                        <procedure classCode="PROC" moodCode="EVN">
                            <code code="-"
                                codeSystem="2.16.156.10011.2.3.3.12"
                                codeSystemName="手术(操作)代码表(ICD-9-CM)"
                                displayName="右侧输尿管镜检查术、右输尿管支架置入术" xsi:type="CD"/>
                        </procedure>
                    </entry>
                    <entry>
                        <observation classCode="OBS" moodCode="EVN">
                            <code code="DE06.00.094.00"
                                codeSystem="2.16.156.10011.2.2.1"
                                codeSystemName="卫生信息数据元目录" displayName="手术名称"/>
                            <value xsi:type="ST">右侧输尿管镜检查术、右输尿管支架置入术</value>
                        </observation>
                    </entry>
                    <entry>
                        <observation classCode="OBS" moodCode="EVN">
                            <code code="DE06.00.187.00"
                                codeSystem="2.16.156.10011.2.2.1"
                                codeSystemName="卫生信息数据元目录" displayName="手术目标部位名称"/>
                            <value xsi:type="ST">-</value>
                        </observation>
                    </entry>
                    <entry>
                        <observation classCode="OBS" moodCode="EVN">
                            <code code="DE06.00.221.00"
                                codeSystem="2.16.156.10011.2.2.1"
                                codeSystemName="卫生信息数据元目录" displayName="手术日期时间"/>
                            <value value="20220509103000" xsi:type="TS"/>
                        </observation>
                    </entry>
                    <entry>
                        <observation classCode="OBS" moodCode="EVN">
                            <code code="DE06.00.073.00"
                                codeSystem="2.16.156.10011.2.2.1"
                                codeSystemName="卫生信息数据元目录" displayName="麻醉方法代码"/>
                            <value code="1"
                                codeSystem="2.16.156.10011.2.3.1.159"
                                codeSystemName="麻醉方法代码表"
                                displayName="全身麻醉" xsi:type="CD"/>
                        </observation>
                    </entry>
                    <entry>
                        <observation classCode="OBS" moodCode="EVN">
                            <code code="DE05.10.063.00"
                                codeSystem="2.16.156.10011.2.2.1"
                                codeSystemName="卫生信息数据元目录" displayName="手术过程"/>
                            <value xsi:type="ST"><![CDATA[麻醉成功后，取截石位，常规消毒铺巾；    F9.8输尿管镜入镜顺利，见膀胱三角区多发滤泡样增生，呈慢性炎症改变，未见结石，双侧输尿管开口及位置正常，输尿管镜在斑马导丝引导下进入右侧输尿管，于距输尿管口约2.0cm处见管腔狭窄，输尿管镜上行受阻，遂将导丝往上推送至输尿管上段，见脓尿流出，考虑肾盂出口结石梗阻、右肾积脓，遂留置导丝后退镜，沿导丝置入F4.7双J管一根于右输尿管内，镜下见右输尿管口及双J管侧孔均有脓尿涌出，留置F16导尿管一根后结束手术；       手术经过顺利，麻醉满意，术中无明显出血，术后安返病房。]]></value>
                        </observation>
                    </entry>
                </section>
            </component>
            <!--术后诊断章节-->
            <component>
                <section>
                    <code code="10218-6"
                        codeSystem="2.16.840.1.113883.6.1"
                        codeSystemName="LOINC" displayName="Surgical operation note postoperative Dx"/>
                    <text/>
                    <entry>
                        <observation classCode="OBS" moodCode="EVN">
                            <code code="DE05.01.025.00"
                                codeSystem="2.16.156.10011.2.2.1"
                                codeSystemName="卫生信息数据元目录" displayName="术后诊断名称"/>
                            <value xsi:type="ST"><![CDATA[输尿管结石]]></value>
                            <entryRelationship typeCode="COMP">
                                <observation classCode="OBS" moodCode="EVN">
                                    <code code="DE05.01.024.00"
                                    codeSystem="2.16.156.10011.2.2.1"
                                    codeSystemName="卫生信息数据元目录" displayName="术后诊断编码"/>
                                    <value code="N20.100"
                                    codeSystem="2.16.156.10011.2.3.3.11"
                                    codeSystemName="ICD-10"
                                    displayName="输尿管结石" xsi:type="CD"/>
                                </observation>
                            </entryRelationship>
                        </observation>
                    </entry>
                    <entry>
                        <observation classCode="OBS" moodCode="EVN">
                            <code code="DE05.01.070.00"
                                codeSystem="2.16.156.10011.2.2.1"
                                codeSystemName="卫生信息数据元目录" displayName="诊断依据"/>
                            <value xsi:type="ST"><![CDATA[注意监测患者生命体征，观察患者导尿管引流尿液性状，予升级抗生素加强抗感染及予补液等对症治疗。]]></value>
                        </observation>
                    </entry>
                </section>
            </component>
            <!--注意事项章节-->
            <component>
                <section>
                    <code code="DE09.00.119.00"
                        codeSystem="2.16.156.10011.2.2.1"
                        codeSystemName="卫生信息数据元目录" displayName="注意事项章节"/>
                    <text><![CDATA[注意监测患者生命体征，观察患者导尿管引流尿液性状，予升级抗生素加强抗感染及予补液等对症治疗。]]></text>
                </section>
            </component>
        </structuredBody>
    </component>
</ClinicalDocument>
