<?xml version="1.0" encoding="UTF-8"?>
<ClinicalDocument xmlns="urn:hl7-org:v3" xmlns:mif="urn:hl7-org:v3/mif"
    xmlns:xsi="http://www.w3.org/2001/XMLSchema-instance" xsi:schemaLocation="urn:hl7-org:v3 ..\sdschemas\SDA.xsd">
    <!--***************************************************
	文档头Head
	*******************************************************
	-->
    <realmCode code="CN"/>
    <typeId extension="POCD_MT000040" root="2.16.840.1.113883.1.3"/>
    <templateId root="2.16.156.10011.2.1.1.73"/>
    <!-- 文档流水号 -->
    <id extension="C0053_9909738||1" root="2.16.156.10011.1.1"/>
    <code code="C0053" codeSystem="2.16.156.10011.2.4" codeSystemName="卫生信息共享文档编码体系"/>
    <title>出院小结</title>
    <!-- 文档机器生成时间 -->
    <effectiveTime value="20220519083100"/>
    <confidentialityCode code="N" codeSystem="2.16.840.1.113883.5.25"
        codeSystemName="Confidentiality" displayName="正常访问保密级别"/>
    <languageCode code="zh-CN"/>
    <setId/>
    <versionNumber/>
    <!--文档记录对象（患者） [1..*] contextControlCode="OP"表示本信息可以被重载-->
    <recordTarget contextControlCode="OP" typeCode="RCT">
        <patientRole classCode="PAT">
            <!--HDSD00.16.021	DE01.00.021.00	健康卡号-->
            <id extension="440301196105100422" root="2.16.156.10011.1.19"/>
            <!--HDSD00.16.052	DE01.00.014.00	住院号-->
            <id extension="00402772" root="2.16.156.10011.1.12"/>
            <addr use="H">
                <!--地址类别代码  无-->
                <houseNumber>-</houseNumber>
                <streetName>-</streetName>
                <township>大梅沙泊岸雅苑A4-9C</township>
                <county>广东省深圳市盐田区@</county>
                <city>-</city>
                <state>440308000广东省深圳市盐田区@</state>
                <postalCode>518000</postalCode>
            </addr>
            <!--HDSD00.16.018	DE02.01.010.00	患者电话号码-->
            <telecom value="15889666182"/>
            <patient classCode="PSN" determinerCode="INSTANCE">
                <!--患者身份证号标识-->
                <id extension="440301196105100422" root="2.16.156.10011.1.3"/>
                <!--HDSD00.16.019	DE02.01.039.00	患者姓名 -->
                <name>邓仕梅</name>
                <!--HDSD00.16.041	DE02.01.040.00	性别代码-->
                <administrativeGenderCode code="2"
                    codeSystem="2.16.156.10011.2.3.3.4"
                    codeSystemName="生理性别代码表(GB/T 2261.1)" displayName="女性"/>
                <birthTime value="518000"/>
                <!--HDSD00.16.020	DE02.01.018.00	婚姻状况代码 -->
                <maritalStatusCode code="20"
                    codeSystem="2.16.156.10011.2.3.3.5"
                    codeSystemName="婚姻状况代码表(GB/T 2261.2)" displayName="已婚"/>
                <!--HDSD00.16.026	DE02.01.026.00	年龄（岁）-->
                <!--HDSD00.16.027	DE02.01.032.00	年龄（月）-->
                <age unit="岁" value="60"/>
                <!--HDSD00.16.046	DE02.01.052.00	职业类别代码-->
                <occupation>
                    <occupationCode code="90"
                        codeSystem="2.16.156.10011.2.3.3.13"
                        codeSystemName="从业状况(个人身体)代码表(GB/T 2261.4)" displayName="其他"/>
                </occupation>
            </patient>
            <!--提供患者服务机构-->
            <providerOrganization classCode="ORG" determinerCode="INSTANCE">
                <!--HDSD00.16.043	DE08.10.052.00	医疗机构组织机构代码-->
                <id extension="1244030345" root="2.16.156.10011.1.5"/>
                <!--住院机构名称-->
                <name>罗湖区人民医院</name>
            </providerOrganization>
        </patientRole>
    </recordTarget>
    <!-- 文档创作者 -->
    <author contextControlCode="OP" typeCode="AUT">
        <time value="20220517" xsi:type="TS"/>
        <assignedAuthor classCode="ASSIGNED">
            <id extension="3632" root="2.16.156.10011.1.7"/>
            <assignedPerson>
                <name>黎剑淼</name>
            </assignedPerson>
        </assignedAuthor>
    </author>
    <custodian typeCode="CST">
        <assignedCustodian classCode="ASSIGNED">
            <representedCustodianOrganization classCode="ORG" determinerCode="INSTANCE">
                <id extension="1244030345" root="2.16.156.10011.1.5"/>
                <name>罗湖区人民医院</name>
            </representedCustodianOrganization>
        </assignedCustodian>
    </custodian>
    <!--法定审核者 表达对文档直接起到法律效应的法定审核者信息 -->
    <legalAuthenticator typeCode="LA">
        <!-- HDSD00.16.028	DE09.00.053.00	签名日期时间 -->
        <time value="20220517120302"/>
        <signatureCode/>
        <assignedEntity>
            <!--HDSD00.16.053	DE02.01.039.00	住院医师签名-->
            <id extension="3632" root="2.16.156.10011.1.4"/>
            <code displayName="住院医师"/>
            <assignedPerson>
                <name>黎剑淼</name>
            </assignedPerson>
        </assignedEntity>
    </legalAuthenticator>
    <!--文档审核者 该部分信息表达文档经过了一定的审核，但还没达到一定的法律效应 -->
    <authenticator typeCode="AUTHEN">
        <!-- HDSD00.16.028	DE09.00.053.00	签名日期时间 -->
        <time value="20220517120302"/>
        <signatureCode/>
        <assignedEntity classCode="ASSIGNED">
            <!--HDSD00.16.035	DE02.01.039.00	上级医师签名 -->
            <id extension="600" root="2.16.156.10011.1.4"/>
            <code displayName="上级医师"/>
            <assignedPerson classCode="PSN">
                <name>黄桂晓</name>
            </assignedPerson>
        </assignedEntity>
    </authenticator>
    <participant typeCode="NOT">
        <!--联系人@classCode：CON，固定值，表示角色是联系人 -->
        <associatedEntity classCode="ECON">
            <!--HDSD00.16.023	DE02.01.010.00	联系人电话号码-->
            <telecom value="13760468011"/>
            <!--联系人-->
            <associatedPerson>
                <!--HDSD00.16.024	DE02.01.039.00	联系人姓名-->
                <name>钟虎生</name>
            </associatedPerson>
        </associatedEntity>
    </participant>
    <relatedDocument typeCode="RPLC">
        <parentDocument>
            <id/>
            <setId/>
            <versionNumber/>
        </parentDocument>
    </relatedDocument>
    <!--文档中医疗卫生事件的就诊场景,即入院场景记录-->
    <componentOf typeCode="COMP">
        <!--就诊-->
        <encompassingEncounter classCode="ENC" moodCode="EVN">
            <!--就诊时间-->
            <effectiveTime>
                <!--HDSD00.16.031	DE06.00.092.00	入院日期时间-->
                <low value="20220504112001"/>
                <!--HDSD00.16.005	DE06.00.017.00	出院日期时间-->
                <high value="20220519083100"/>
            </effectiveTime>
            <location>
                <healthCareFacility>
                    <serviceProviderOrganization>
                        <asOrganizationPartOf classCode="PART">
                            <!--HDSD00.16.001	DE01.00.026.00	病床号 -->
                            <wholeOrganization classCode="ORG" determinerCode="INSTANCE">
                                <id extension="08" root="2.16.156.10011.1.22"/>
                                <name>08</name>
                                <!--HDSD00.16.002	DE01.00.019.00	病房号 -->
                                <asOrganizationPartOf classCode="PART">
                                    <wholeOrganization classCode="ORG" determinerCode="INSTANCE">
                                    <id extension="1102-" root="2.16.156.10011.1.21"/>
                                    <name>1102</name>
                                    <!--HDSD00.16.022	DE08.10.026.00	科室名称 -->
                                    <asOrganizationPartOf classCode="PART">
                                    <wholeOrganization
                                    classCode="ORG" determinerCode="INSTANCE">
                                    <id extension="30014" root="2.16.156.10011.1.26"/>
                                    <name>泌尿外科</name>
                                    <!--HDSD00.16.003	DE08.10.054.00	病区名称 -->
                                    <asOrganizationPartOf classCode="PART">
                                    <wholeOrganization
                                    classCode="ORG" determinerCode="INSTANCE">
                                    <id
                                    extension="40012" root="2.16.156.10011.1.27"/>
                                    <name>外三病区</name>
                                    </wholeOrganization>
                                    </asOrganizationPartOf>
                                    </wholeOrganization>
                                    </asOrganizationPartOf>
                                    </wholeOrganization>
                                </asOrganizationPartOf>
                            </wholeOrganization>
                        </asOrganizationPartOf>
                    </serviceProviderOrganization>
                </healthCareFacility>
            </location>
        </encompassingEncounter>
    </componentOf>
    <!--***************************************************
	文档体Body
	*******************************************************
	-->
    <component>
        <structuredBody>
            <!--主要健康问题章节-->
            <component>
                <section>
                    <code code="11450-4"
                        codeSystem="2.16.840.1.113883.6.1"
                        codeSystemName="LOINC" displayName="PROBLEM LIST"/>
                    <text/>
                    <!--HDSD00.16.030	DE05.10.148.00	入院情况  条目-->
                    <entry>
                        <observation classCode="OBS" moodCode="EVN">
                            <code code="DE05.10.148.00"
                                codeSystem="2.16.156.10011.2.2.1"
                                codeSystemName="卫生信息数据元目录" displayName="入院情况"/>
                            <value xsi:type="ST"><![CDATA[1.病史：为老年女性，急性起病。2.因“右侧腰痛4天。”入院。3.体查：双肾未触及，双肾区无红肿、隆起，左肾区叩击痛（-），右肾区叩击痛（+），双侧肋脊点、肋腰点压痛（-）。腹平软，左侧输尿管走行区压痛（-），右侧输尿管走行区压痛（-），膀胱区无膨隆，压痛阴性。4.辅助检查：2022-05-04 彩超:泌尿系（双肾、输尿管、膀胱）:右肾多发性结石。右输尿管第一狭窄处结石并右肾轻度积水。左肾、膀胱未见明显异常声像。 2022-05-04 尿液分析全套(尿常规+尿液分析+尿沉渣分析）:白细胞 WBC ++个/μl↑，蛋白质 PRO ++g/L↑，白细胞（镜下） WBC（JX） +++/HP↑，红细胞（镜下） RBC(JX) ++/HP↑，尿隐血 BLD +++个/μl↑。]]></value>
                        </observation>
                    </entry>
                </section>
            </component>
            <!--入院诊断章节-->
            <component>
                <section>
                    <code code="46241-6"
                        codeSystem="2.16.840.1.113883.6.1"
                        codeSystemName="LOINC" displayName="HOSPITAL ADMISSION DX"/>
                    <text/>
                    <!--HDSD00.16.032	DE05.01.024.00	入院诊断-西医诊断编码  条目-->
                    <!--HDSD00.16.032   DE05.01.024.00  入院诊断-西医诊断编码  条目-->
                    <entry typeCode="COMP">
                        <observation classCode="OBS" moodCode="EVN">
                            <code code="DE05.01.024.00"
                                codeSystem="2.16.156.10011.2.2.1"
                                codeSystemName="卫生信息数据元目录" displayName="入院诊断-西医诊断编码"/>
                            <value code="N20.100"
                                codeSystem="2.16.156.10011.2.3.3.11"
                                codeSystemName="ICD-10"
                                displayName="输尿管结石" xsi:type="CD"/>
                        </observation>
                    </entry>
                    <!--HDSD00.16.033	DE05.10.130.00	入院诊断-中医病名代码  条目-->
                    <!--HDSD00.16.034	DE05.10.130.00	入院诊断-中医证候代码  条目-->
                </section>
            </component>
            <!--出院诊断章节-->
            <component>
                <section>
                    <code code="11535-2"
                        codeSystem="2.16.840.1.113883.6.1"
                        codeSystemName="LOINC" displayName="Discharge Diagnosis"/>
                    <text/>
                    <!--HDSD00.16.008	DE05.01.024.00	出院诊断-西医诊断编码  条目-->
                    <!--HDSD00.16.008   DE05.01.024.00  出院诊断-西医诊断编码  条目-->
                    <entry typeCode="COMP">
                        <observation classCode="OBS" moodCode="EVN">
                            <code code="DE05.01.024.00"
                                codeSystem="2.16.156.10011.2.2.1"
                                codeSystemName="卫生信息数据元目录" displayName="出院诊断-西医诊断编码"/>
                            <value code="B18.107"
                                codeSystem="2.16.156.10011.2.3.3.11"
                                codeSystemName="ICD-10"
                                displayName="慢性乙型病毒性肝炎" xsi:type="CD"/>
                        </observation>
                    </entry>
                    <entry typeCode="COMP">
                        <observation classCode="OBS" moodCode="EVN">
                            <code code="DE05.01.024.00"
                                codeSystem="2.16.156.10011.2.2.1"
                                codeSystemName="卫生信息数据元目录" displayName="出院诊断-西医诊断编码"/>
                            <value code="E78.500"
                                codeSystem="2.16.156.10011.2.3.3.11"
                                codeSystemName="ICD-10"
                                displayName="高脂血症" xsi:type="CD"/>
                        </observation>
                    </entry>
                    <entry typeCode="COMP">
                        <observation classCode="OBS" moodCode="EVN">
                            <code code="DE05.01.024.00"
                                codeSystem="2.16.156.10011.2.2.1"
                                codeSystemName="卫生信息数据元目录" displayName="出院诊断-西医诊断编码"/>
                            <value code="I10.x04"
                                codeSystem="2.16.156.10011.2.3.3.11"
                                codeSystemName="ICD-10"
                                displayName="高血压2级" xsi:type="CD"/>
                        </observation>
                    </entry>
                    <entry typeCode="COMP">
                        <observation classCode="OBS" moodCode="EVN">
                            <code code="DE05.01.024.00"
                                codeSystem="2.16.156.10011.2.2.1"
                                codeSystemName="卫生信息数据元目录" displayName="出院诊断-西医诊断编码"/>
                            <value code="N13.100"
                                codeSystem="2.16.156.10011.2.3.3.11"
                                codeSystemName="ICD-10"
                                displayName="肾盂积水伴有输尿管狭窄，不可归类在他处者" xsi:type="CD"/>
                        </observation>
                    </entry>
                    <entry typeCode="COMP">
                        <observation classCode="OBS" moodCode="EVN">
                            <code code="DE05.01.024.00"
                                codeSystem="2.16.156.10011.2.2.1"
                                codeSystemName="卫生信息数据元目录" displayName="出院诊断-西医诊断编码"/>
                            <value code="N13.300"
                                codeSystem="2.16.156.10011.2.3.3.11"
                                codeSystemName="ICD-10"
                                displayName="肾盂积水，其他的" xsi:type="CD"/>
                        </observation>
                    </entry>
                    <entry typeCode="COMP">
                        <observation classCode="OBS" moodCode="EVN">
                            <code code="DE05.01.024.00"
                                codeSystem="2.16.156.10011.2.2.1"
                                codeSystemName="卫生信息数据元目录" displayName="出院诊断-西医诊断编码"/>
                            <value code="N13.600"
                                codeSystem="2.16.156.10011.2.3.3.11"
                                codeSystemName="ICD-10"
                                displayName="肾积脓" xsi:type="CD"/>
                        </observation>
                    </entry>
                    <entry typeCode="COMP">
                        <observation classCode="OBS" moodCode="EVN">
                            <code code="DE05.01.024.00"
                                codeSystem="2.16.156.10011.2.2.1"
                                codeSystemName="卫生信息数据元目录" displayName="出院诊断-西医诊断编码"/>
                            <value code="N20.100"
                                codeSystem="2.16.156.10011.2.3.3.11"
                                codeSystemName="ICD-10"
                                displayName="输尿管结石" xsi:type="CD"/>
                        </observation>
                    </entry>
                    <entry typeCode="COMP">
                        <observation classCode="OBS" moodCode="EVN">
                            <code code="DE05.01.024.00"
                                codeSystem="2.16.156.10011.2.2.1"
                                codeSystemName="卫生信息数据元目录" displayName="出院诊断-西医诊断编码"/>
                            <value code="N39.000"
                                codeSystem="2.16.156.10011.2.3.3.11"
                                codeSystemName="ICD-10"
                                displayName="泌尿道感染" xsi:type="CD"/>
                        </observation>
                    </entry>
                    <!--HDSD00.16.009	DE05.10.130.00	出院诊断-中医病名代码  条目-->
                    <!--HDSD00.16.010	DE05.10.130.00	出院诊断-中医诊断代码  条目-->
                    <!--HDSD00.16.051	DE02.10.028.00	中医“四诊”观察结果  条目-->
                    <entry>
                        <observation classCode="OBS" moodCode="EVN">
                            <code code="DE02.10.028.00"
                                codeSystem="2.16.156.10011.2.2.1"
                                codeSystemName="卫生信息数据元目录" displayName="中医“四诊”观察结果"/>
                            <value xsi:type="ST"><![CDATA[-]]></value>
                        </observation>
                    </entry>
                    <!--HDSD00.16.006	DE04.01.117.00	出院时症状与体征  条目-->
                    <entry typeCode="COMP">
                        <observation classCode="OBS" moodCode="EVN">
                            <code code="DE04.01.117.00"
                                codeSystem="2.16.156.10011.2.2.1"
                                codeSystemName="卫生信息数据元目录" displayName="出院时症状与体征"/>
                            <value xsi:type="ST"><![CDATA[现患者精神、睡眠、饮食等一般情况良好，无畏寒、发热，排尿通畅，尿量正常，无腰腹部疼痛。余查体无特殊。]]></value>
                        </observation>
                    </entry>
                    <!--HDSD00.16.004	DE06.00.193.00	出院情况  条目   -->
                    <entry typeCode="COMP">
                        <observation classCode="OBS" moodCode="EVN">
                            <code code="DE06.00.193.00"
                                codeSystem="2.16.156.10011.2.2.1"
                                codeSystemName="卫生信息数据元目录" displayName="出院情况"/>
                            <value xsi:type="ST"><![CDATA[现患者精神、睡眠、饮食等一般情况良好，无畏寒、发热，排尿通畅，尿量正常，无腰腹部疼痛。余查体无特殊。]]></value>
                        </observation>
                    </entry>
                </section>
            </component>
            <!--手术操作章节-->
            <component>
                <section>
                    <code code="47519-4"
                        codeSystem="2.16.840.1.113883.6.1"
                        codeSystemName="LOINC" displayName="HISTORY OF PROCEDURES"/>
                    <text/>
                    <!--手术记录条目-->
                    <entry>
                        <!-- 手术记录 -->
                        <procedure classCode="PROC" moodCode="EVN">
                            <!--HDSD00.16.038	DE06.00.093.00	手术及操作编码 -->
                            <code code="59.8x00"
                                codeSystem="2.16.156.10011.2.3.3.12"
                                codeSystemName="手术(操作)代码表(ICD-9-CM)" displayName="输尿管导管插入术"/>
                            <statusCode/>
                            <!--手术及操作编码、操作日期/时间-->
                            <!--HDSD00.16.039	DE06.00.221.00	手术及操作开始日期时间 -->
                            <effectiveTime value="20220509000000"/>
                            <!--HDSD00.16.040	DE06.00.257.00	手术切口类别代码 -->
                            <entryRelationship typeCode="COMP">
                                <observation classCode="OBS" moodCode="EVN">
                                    <code code="DE06.00.257.00"
                                    codeSystem="2.16.156.10011.2.2.1"
                                    codeSystemName="卫生信息数据元目录" displayName="手术切口类别代码"/>
                                    <value code="3"
                                    codeSystem="2.16.156.10011.2.3.1.256"
                                    codeSystemName="手术切口类别代码表"
                                    displayName="Ⅱ类切口" xsi:type="CD"/>
                                </observation>
                            </entryRelationship>
                            <!--HDSD00.16.029	DE05.10.147.00	切口愈合等级代码 -->
                            <entryRelationship typeCode="COMP">
                                <observation classCode="OBS" moodCode="EVN">
                                    <code code="DE05.10.147.00"
                                    codeSystem="2.16.156.10011.2.2.1"
                                    codeSystemName="卫生信息数据元目录" displayName="切口愈合等级代码"/>
                                    <value code="1"
                                    codeSystem="2.16.156.10011.2.3.1.257"
                                    codeSystemName="手术切口愈合等级代码表"
                                    displayName="甲" xsi:type="CD"/>
                                </observation>
                            </entryRelationship>
                            <!--HDSD00.16.025	DE06.00.073.00	麻醉方法代码 -->
                            <entryRelationship typeCode="COMP">
                                <observation classCode="OBS" moodCode="EVN">
                                    <code code="DE06.00.073.00"
                                    codeSystem="2.16.156.10011.2.2.1"
                                    codeSystemName="卫生信息数据元目录" displayName="麻醉方法代码"/>
                                    <value code="11"
                                    codeSystem="2.16.156.10011.2.3.1.159"
                                    codeSystemName="麻醉方法代码表"
                                    displayName="吸入麻醉" xsi:type="CD"/>
                                </observation>
                            </entryRelationship>
                            <!-- HDSD00.16.037	DE05.10.063.00	手术过程 -->
                            <entryRelationship typeCode="COMP">
                                <observation classCode="OBS" moodCode="EVN">
                                    <code code="DE05.10.063.00"
                                    codeSystem="2.16.156.10011.2.2.1"
                                    codeSystemName="卫生信息数据元目录" displayName="手术过程"/>
                                    <value xsi:type="ST"><![CDATA[输尿管导管插入术]]></value>
                                </observation>
                            </entryRelationship>
                        </procedure>
                    </entry>
                </section>
            </component>
            <!-- 治疗计划章节 -->
            <component>
                <section>
                    <code code="18776-5"
                        codeSystem="2.16.840.1.113883.6.1"
                        codeSystemName="LOINC" displayName="TREATMENT PLAN"/>
                    <text/>
                    <!--HDSD00.16.048	DE06.00.300.00	治则治法  条目-->
                    <entry>
                        <observation classCode="OBS" moodCode="EVN">
                            <code code="DE06.00.300.00"
                                codeSystem="2.16.156.10011.2.3.3.15"
                                codeSystemName="卫生信息数据元目录" displayName="治则治法"/>
                            <value xsi:type="ST"><![CDATA[-]]></value>
                            <!--GB/T 16751.3-1997-->
                        </observation>
                    </entry>
                </section>
            </component>
            <!--住院过程章节-->
            <component>
                <section>
                    <code code="8648-8"
                        codeSystem="2.16.840.1.113883.6.1"
                        codeSystemName="LOINC" displayName="Hospital Course"/>
                    <text/>
                    <!--HDSD00.16.045	DE06.00.296.00	诊疗过程描述  条目-->
                    <entry>
                        <observation classCode="OBS" moodCode="EVN">
                            <code code="DE06.00.296.00"
                                codeSystem="2.16.156.10011.2.2.1"
                                codeSystemName="卫生信息数据元目录" displayName="诊疗过程描述"/>
                            <value xsi:type="ST"><![CDATA[患者入院后完善相关检查，2022-05-05 C-反应蛋白： CRP 146mg/L↑，2022-05-05 凝血四项:纤维蛋白原 FNG 10.08g/L↑，2022-05-05 肝功能组合二:白蛋白 ALB 28.9g/L↓，白/球蛋白比值 A/G 0.73↓，2022-05-05 肾功能组合二（UREA/CREA/UA/β2-MG/CYSC）:肌酐 CR 92umol/L↑，胱抑素C CYS-C 1.14mg/L↑，肾小球滤过率 GFR 58.6ml/min↓，2022-05-05 血脂组合:总胆固醇 CHO 6.06mmol/L↑，低密度脂蛋白胆固醇 LDL-C 4.52mmol/L↑，高密度脂蛋白胆固醇 HDL-C 0.94mmol/L↓，载脂蛋白A1 APO-A1 0.84g/L↓，载脂蛋白B APO-B 1.51g/L↑。2022-05-05 感染标志物八项:乙型肝炎病毒表面抗原  1143.21IU/mL↑，乙型肝炎病毒e抗体>4.50PEI U/mL↑，乙型肝炎病毒核心抗体 >45.0PEI U/mL↑。2022-05-04 远程心电图（功能科）:窦性心律,正常范围心电图。 2022-05-04 腹部正位(腹部立位、腹平片、KUB):1.所示心影增大，胸主动脉硬化。2.提示右肾及右侧输尿管上段结石，建议CT检查。 2022-05-05 彩超:肝、胆、脾不含门静脉系:肝脏、胆囊、脾脏、胰腺未见明显异常声像。门静脉系统未见明显异常声像。2022-05-07 C-反应蛋白(干化学法):超敏C-反应蛋白 CRP 111mg/L↑，2022-05-07 尿液分析全套(尿常规+尿液分析+尿沉渣分析）:白细胞 WBC +++个/μl↑，白细胞 WBCUF 1437.7/ul↑，2022-05-07 白蛋白 ALB 28.5g/L↓，2022-05-07 肾功能组合一(UREA/CREA/UA):肌酐 CR 83umol/L↑。2022-05-06 CT双输尿管平扫(下腹部＋盆腔)+三维成像:1.右肾多发结石，右侧肾盂与输尿管移行处结石，并右侧肾盂、肾盏积水。2.子宫未见明确显示，请结合临床病史。3.附见胆囊小结石。完善术前准备，于2022年5月9日行右侧输尿管镜检查术、右输尿管支架置入术，术后予患者抗感染治疗，动态复查感染指标，当前感染控制良好，2022-05-]]></value>
                        </observation>
                    </entry>
                    <!--HDSD00.16.047	DE05.10.113.00	治疗结果代码  条目-->
                    <entry>
                        <observation classCode="OBS" moodCode="EVN">
                            <code code="DE05.10.113.00"
                                codeSystem="2.16.156.10011.2.2.1"
                                codeSystemName="卫生信息数据元目录" displayName="治疗结果代码"/>
                            <value code="2"
                                codeSystem="2.16.156.10011.2.3.1.148"
                                codeSystemName="病情转归代码表"
                                displayName="好转" xsi:type="CD"/>
                        </observation>
                    </entry>
                    <!--HDSD00.16.036	DE06.00.310.00	实际住院天数  条目-->
                    <entry typeCode="COMP">
                        <observation classCode="OBS" moodCode="EVN">
                            <code code="DE06.00.310.00"
                                codeSystem="2.16.156.10011.2.2.1"
                                codeSystemName="卫生信息数据元目录" displayName="实际住院天数"/>
                            <value unit="天" value="15" xsi:type="PQ"/>
                        </observation>
                    </entry>
                </section>
            </component>
            <!-- 医嘱章节-->
            <component>
                <section>
                    <code code="46209-3"
                        codeSystem="2.16.840.1.113883.6.1"
                        codeSystemName="LOINC" displayName="Provider Orders"/>
                    <text/>
                    <!--HDSD00.16.049	DE08.50.047.00	中药煎煮方法  条目-->
                    <entry>
                        <observation classCode="OBS" moodCode="EVN ">
                            <code code="DE08.50.047.00"
                                codeSystem="2.16.156.10011.2.2.1"
                                codeSystemName="卫生信息数据元目录" displayName="中药煎煮方法"/>
                            <value xsi:type="ST"><![CDATA[-]]></value>
                        </observation>
                    </entry>
                    <!--HDSD00.16.050	DE06.00.136.00	中药用药方法  条目-->
                    <entry>
                        <observation classCode="OBS" moodCode="EVN">
                            <code code="DE06.00.136.00"
                                codeSystem="2.16.156.10011.2.2.1"
                                codeSystemName="卫生信息数据元目录" displayName="中药用药方法"/>
                            <value xsi:type="ST"><![CDATA[-]]></value>
                        </observation>
                    </entry>
                    <!--HDSD00.16.007	DE06.00.287.00	出院医嘱  条目-->
                    <entry typeCode="COMP">
                        <observation classCode="OBS" moodCode="EVN">
                            <code code="DE06.00.287.00"
                                codeSystem="2.16.156.10011.2.2.1"
                                codeSystemName="卫生信息数据元目录" displayName="出院医嘱"/>
                            <value xsi:type="ST"><![CDATA[1.注重饮食营养均衡，多喝水、勤排尿，避免过多运动，保持每日饮水量2500ml以上；  2.2周后携带出院小结返院复诊（每周二甘露主治医师门诊、每周三黄桂晓副主任医师门诊、每周五熊星主治医师门诊），进一步治疗右肾结石；3.如有腰腹部疼痛、血尿、发热等不适门诊随访，我科门诊随访（我科联系电话25650005转1133）。出院带药：1.双石通淋胶囊 2g 口服 tid 7天 ;2.头孢克肟分散片 0.1g 口服 bid 7天 ;3.(省集2)阿托伐他汀钙片(大) 20mg 口服 qn 7天 ;4.马尿酸乌洛托品片 1g 口服 bid 7天 ;5.(省集2)苯磺酸氨氯地平片 5mg 口服 qd 7天 ;6.(国集3)缬沙坦胶囊(缬克) 80mg 口服 qd 7天 。]]></value>
                        </observation>
                    </entry>
                </section>
            </component>
            <!--实验室检查章节-->
            <component>
                <section>
                    <code code="30954-2"
                        codeSystem="2.16.840.1.113883.6.1"
                        codeSystemName="LOINC" displayName="STUDIES SUMMARY"/>
                    <text/>
                    <!--阳性辅助检查结果条目-->
                    <entry contextConductionInd="true" typeCode="COMP">
                        <!--阳性辅助检查结果-->
                        <organizer classCode="BATTERY" moodCode="EVN">
                            <statusCode/>
                            <component contextConductionInd="true" typeCode="COMP">
                                <!--HDSD00.16.042	DE04.50.128.00	阳性辅助检查结果  -->
                                <observation classCode="OBS" moodCode="EVN">
                                    <code code="DE04.50.128.00"
                                    codeSystem="2.16.156.10011.2.2.1" codeSystemName="卫生信息数据元目录"/>
                                    <value xsi:type="ST"><![CDATA[-]]></value>
                                </observation>
                            </component>
                        </organizer>
                    </entry>
                </section>
            </component>
        </structuredBody>
    </component>
</ClinicalDocument>
