<?xml version="1.0" encoding="UTF-8"?>
<ClinicalDocument xmlns="urn:hl7-org:v3" xmlns:mif="urn:hl7-org:v3/mif"
    xmlns:xsi="http://www.w3.org/2001/XMLSchema-instance" xsi:schemaLocation="urn:hl7-org:v3 ..\sdschemas\SDA.xsd">
    <realmCode code="CN"/>
    <typeId extension="POCD_MT000040" root="2.16.840.1.113883.1.3"/>
    <templateId root="2.16.156.10011.2.1.1.57"/>
    <!-- 文档流水号 -->
    <id extension="C0037_9765507||1" root="2.16.156.10011.1.1"/>
    <code code="C0037" codeSystem="2.16.156.10011.2.4" codeSystemName="卫生信息共享文档编码体系"/>
    <title>首次病程记录</title>
    <!-- 文档机器生成时间 -->
    <effectiveTime value="20220519000000"/>
    <confidentialityCode code="N" codeSystem="2.16.840.1.113883.5.25"
        codeSystemName="Confidentiality" displayName="正常访问保密级别"/>
    <languageCode code="zh-CN"/>
    <setId/>
    <versionNumber/>
    <recordTarget contextControlCode="OP" typeCode="RCT">
        <patientRole classCode="PAT">
            <!--住院号标识-->
            <id extension="402772" root="2.16.156.10011.1.12"/>
            <patient classCode="PSN" determinerCode="INSTANCE">
                <!--患者身份证号标识-->
                <id extension="440301196105100422" root="2.16.156.10011.1.3"/>
                <name>邓仕梅</name>
                <administrativeGenderCode code="2"
                    codeSystem="2.16.156.10011.2.3.3.4"
                    codeSystemName="生理性别代码表(GB/T 2261.1)" displayName="女性"/>
                <!--1数据集里是年龄（年）、年龄（月）-->
                <birthTime value="19610510"/>
                <age unit="岁" value="60"/>
            </patient>
        </patientRole>
    </recordTarget>
    <!-- 文档创建者 -->
    <author contextControlCode="OP" typeCode="AUT">
        <!-- DE09.00.053.00	记录日期时间	完成此项业务活动时的公元纪年日期和时间的完整描述  -->
        <time value="20220615040027"/>
        <assignedAuthor classCode="ASSIGNED">
            <id extension="3632" root="2.16.156.10011.1.7"/>
            <assignedPerson>
                <name>黎剑淼</name>
            </assignedPerson>
        </assignedAuthor>
    </author>
    <!--管理机构-->
    <custodian typeCode="CST">
        <assignedCustodian classCode="ASSIGNED">
            <representedCustodianOrganization classCode="ORG" determinerCode="INSTANCE">
                <id extension="1244030345" root="2.16.156.10011.1.5"/>
                <name>罗湖区人民医院</name>
            </representedCustodianOrganization>
        </assignedCustodian>
    </custodian>
    <legalAuthenticator>
        <!-- 签名 -->
        <time/>
        <signatureCode/>
        <assignedEntity>
            <id extension="600" root="2.16.156.10011.1.4"/>
            <code displayName="上级医师"/>
            <assignedPerson classCode="PSN" determinerCode="INSTANCE">
                <name>黄桂晓</name>
            </assignedPerson>
        </assignedEntity>
    </legalAuthenticator>
    <!-- 签名 -->
    <authenticator>
        <time/>
        <signatureCode/>
        <assignedEntity>
            <id extension="3632" root="2.16.156.10011.1.4"/>
            <code displayName="住院医师"/>
            <assignedPerson classCode="PSN" determinerCode="INSTANCE">
                <name>黎剑淼</name>
            </assignedPerson>
        </assignedEntity>
    </authenticator>
    <!--相关文档-->
    <relatedDocument typeCode="RPLC">
        <parentDocument>
            <id/>
            <setId/>
            <versionNumber/>
        </parentDocument>
    </relatedDocument>
    <!-- 病床号、病房、病区、科室和医院的关联 -->
    <componentOf>
        <encompassingEncounter>
            <effectiveTime/>
            <location>
                <healthCareFacility>
                    <serviceProviderOrganization>
                        <asOrganizationPartOf classCode="PART">
                            <!-- DE01.00.026.00	病床号 -->
                            <wholeOrganization classCode="ORG" determinerCode="INSTANCE">
                                <id extension="08" root="2.16.156.10011.1.22"/>
                                <name>08</name>
                                <!-- DE01.00.019.00	病房号 -->
                                <asOrganizationPartOf classCode="PART">
                                    <wholeOrganization classCode="ORG" determinerCode="INSTANCE">
                                    <id extension="1102-" root="2.16.156.10011.1.21"/>
                                    <name>1102</name>
                                    <!-- DE08.10.026.00	科室名称 -->
                                    <asOrganizationPartOf classCode="PART">
                                    <wholeOrganization
                                    classCode="ORG" determinerCode="INSTANCE">
                                    <id extension="30014" root="2.16.156.10011.1.26"/>
                                    <name>泌尿外科</name>
                                    <!-- DE08.10.054.00	病区名称 -->
                                    <asOrganizationPartOf classCode="PART">
                                    <wholeOrganization
                                    classCode="ORG" determinerCode="INSTANCE">
                                    <id
                                    extension="40012" root="2.16.156.10011.1.27"/>
                                    <name>外三病区</name>
                                    <!--XX医院 -->

                                    <asOrganizationPartOf classCode="PART">

                                    <wholeOrganization
                                    classCode="ORG" determinerCode="INSTANCE">
                                    <id
                                    extension="1244030345" root="2.16.156.10011.1.5"/>
                                    <name>罗湖区人民医院</name>
                                    </wholeOrganization>
                                    </asOrganizationPartOf>
                                    </wholeOrganization>
                                    </asOrganizationPartOf>
                                    </wholeOrganization>
                                    </asOrganizationPartOf>
                                    </wholeOrganization>
                                </asOrganizationPartOf>
                            </wholeOrganization>
                        </asOrganizationPartOf>
                    </serviceProviderOrganization>
                </healthCareFacility>
            </location>
        </encompassingEncounter>
    </componentOf>
    <component>
        <!--文档体-->
        <structuredBody>
            <!--
**********************************
主诉章节
**********************************
-->
            <component>
                <section>
                    <code code="10154-3"
                        codeSystem="2.16.840.1.113883.6.1"
                        codeSystemName="LOINC" displayName="CHIEF COMPLAINT"/>
                    <text/>
                    <entry>
                        <!-- 主诉-->
                        <observation classCode="OBS" moodCode="EVN">
                            <code code="DE04.01.119.00"
                                codeSystem="2.16.156.10011.2.2.1"
                                codeSystemName="卫生信息数据元目录" displayName="主诉"/>
                            <value xsi:type="ST"><![CDATA[右侧腰痛4天。]]></value>
                        </observation>
                    </entry>
                </section>
            </component>
            <!--
*************************************
 诊断章节 
*************************************
-->
            <component>
                <section>
                    <code code="29548-5"
                        codeSystem="2.16.840.1.113883.6.1"
                        codeSystemName="LOINC" displayName="Diagnosis"/>
                    <text/>
                    <entry>
                        <observation classCode="OBS" moodCode="EVN ">
                            <code code="DE05.10.133.00"
                                codeSystem="2.16.156.10011.2.2.1"
                                codeSystemName="卫生信息数据元目录" displayName="病例特点"/>
                            <value xsi:type="ST"><![CDATA[1、患者老年女性，急性起病。因“右侧腰痛4天。”入院。2、患者于4天前无明显诱因始出现右侧腰痛，为阵发性隐痛，可耐受，无向下腹及会阴部放射，未行特殊处理。无恶心、呕吐，无畏寒、发热，无尿频、尿急、尿痛及解肉眼血尿，现为进一步诊疗至我院就诊，查泌尿系彩超提示“右输尿管第一狭窄处结石并右肾轻度积水、右肾多发性结石”，门诊拟“右输尿管结石并右肾积水”而收入我科。起病以来，患者精神尚可，食欲、睡眠一般，大便如常，小便如上述；近期体重无明显改变。3、既往20余年结石病史，曾因“子宫肌瘤”行子宫切除术，否认“结核、病毒性肝炎、肝吸虫病、血吸虫病”等传染病史，无“慢性支气管炎、高血压、冠心病、肾病、糖尿病”等慢性病史，无重大外伤及手术史，无食物及药物过敏史。预防接种史不详。4、入科查体：体温:36.5℃,脉搏:74次/分，呼吸：18次/分,血压：125/74mmHg，心肺腹部查体未见明显异常。专科情况：双肾未触及，双肾区无红肿、隆起，左肾区叩击痛（-），右肾区叩击痛（+），双侧肋脊点、肋腰点压痛（-）。腹平软，左侧输尿管走行区压痛（-），右侧输尿管走行区压痛（-），膀胱区无膨隆，压痛阴性。5、辅助检查：2022-05-04彩超:泌尿系（双肾、输尿管、膀胱）:右肾多发性结石。右输尿管第一狭窄处结石并右肾轻度积水。左肾、膀胱未见明显异常声像。2022-05-04尿液分析全套(尿常规+尿液分析+尿沉渣分析）:白细胞WBC++个/μl↑，蛋白质PRO++g/L↑，白细胞（镜下）WBC（JX）+++/HP↑，红细胞（镜下）RBC(JX)++/HP↑，尿隐血BLD+++个/μl↑。]]></value>
                        </observation>
                    </entry>
                    <entry>
                        <observation classCode="OBS" moodCode="EVN">
                            <code code="DE02.10.028.00"
                                codeSystem="2.16.156.10011.2.2.1"
                                codeSystemName="卫生信息数据元目录" displayName="中医“四诊”观察结果"/>
                            <value xsi:type="ST"><![CDATA[-]]></value>
                        </observation>
                    </entry>
                    <entry>
                        <observation classCode="OBS" moodCode="EVN">
                            <code code="DE05.01.070.00"
                                codeSystem="2.16.156.10011.2.2.1"
                                codeSystemName="卫生信息数据元目录" displayName="诊断依据"/>
                            <value xsi:type="ST"><![CDATA[1.病史：为老年女性，急性起病。2.因“右侧腰痛4天。”入院。3.体查：双肾未触及，双肾区无红肿、隆起，左肾区叩击痛（-），右肾区叩击痛（+），双侧肋脊点、肋腰点压痛（-）。腹平软，左侧输尿管走行区压痛（-），右侧输尿管走行区压痛（-），膀胱区无膨隆，压痛阴性。4.辅助检查：2022-05-04彩超:泌尿系（双肾、输尿管、膀胱）:右肾多发性结石。右输尿管第一狭窄处结石并右肾轻度积水。左肾、膀胱未见明显异常声像。2022-05-04尿液分析全套(尿常规+尿液分析+尿沉渣分析）:白细胞WBC++个/μl↑，蛋白质PRO++g/L↑，白细胞（镜下）WBC（JX）+++/HP↑，红细胞（镜下）RBC(JX)++/HP↑，尿隐血BLD+++个/μl↑。]]></value>
                        </observation>
                    </entry>
                    <entry>
                        <observation classCode="OBS" moodCode="EVN">
                            <code code="DE05.01.024.00"
                                codeSystem="2.16.156.10011.2.2.1"
                                codeSystemName="卫生信息数据元目录" displayName="初步诊断-西医诊断编码"/>
                            <value code="N20.100"
                                codeSystem="2.16.156.10011.2.3.3.11"
                                codeSystemName="ICD-10"
                                displayName="输尿管结石" xsi:type="CD"/>
                        </observation>
                    </entry>
                    <entry>
                        <observation classCode="OBS" moodCode="EVN">
                            <code code="DE05.10.130.00"
                                codeSystem="2.16.156.10011.2.2.1"
                                codeSystemName="卫生信息数据元目录" displayName="初步诊断-中医病名代码">
                                <qualifier>
                                    <name displayName="中医病名代码"/>
                                </qualifier>
                            </code>
                            <value code="B09."
                                codeSystem="2.16.156.10011.2.3.3.14"
                                codeSystemName="中医病证分类与代码表( GB/T 15657)"
                                displayName="其他证候类术语" xsi:type="CD"/>
                        </observation>
                    </entry>
                    <entry>
                        <observation classCode="OBS" moodCode="EVN">
                            <code code="DE05.10.130.00"
                                codeSystem="2.16.156.10011.2.2.1"
                                codeSystemName="卫生信息数据元目录" displayName="初步诊断-中医证候代码">
                                <qualifier>
                                    <name displayName="中医证候代码"/>
                                </qualifier>
                            </code>
                            <value code="B09."
                                codeSystem="2.16.156.10011.2.3.3.14"
                                codeSystemName="中医病证分类与代码表( GB/T 15657)"
                                displayName="其他证候类术语" xsi:type="CD"/>
                        </observation>
                    </entry>
                    <entry>
                        <observation classCode="OBS" moodCode="EVN ">
                            <code code="DE05.01.025.00"
                                codeSystem="2.16.156.10011.2.2.1"
                                codeSystemName="卫生信息数据元目录" displayName="鉴别诊断-西医诊断名称"/>
                            <value xsi:type="ST"><![CDATA[输尿管结石]]></value>
                        </observation>
                    </entry>
                    <entry>
                        <observation classCode="OBS" moodCode="EVN ">
                            <code code="DE05.10.172.00"
                                codeSystem="2.16.156.10011.2.2.1"
                                codeSystemName="卫生信息数据元目录" displayName="鉴别诊断-中医病名名称">
                                <qualifier>
                                    <name displayName="中医病名名称"/>
                                </qualifier>
                            </code>
                            <value xsi:type="ST">-</value>
                        </observation>
                    </entry>
                    <entry>
                        <observation classCode="OBS" moodCode="EVN ">
                            <code code="DE05.10.172.00"
                                codeSystem="2.16.156.10011.2.2.1"
                                codeSystemName="卫生信息数据元目录" displayName="鉴别诊断-中医证候名称">
                                <qualifier>
                                    <name displayName="中医证候名称"/>
                                </qualifier>
                            </code>
                            <value xsi:type="ST">-</value>
                        </observation>
                    </entry>
                </section>
            </component>
            <!--
**********************************
治疗计划章节
**********************************
-->
            <component>
                <section>
                    <code code="18776-5"
                        codeSystem="2.16.840.1.113883.6.1"
                        codeSystemName="LOINC" displayName="TREATMENT PLAN"/>
                    <text/>
                    <entry>
                        <observation classCode="OBS" moodCode="GOL ">
                            <code code="DE05.01.025.00"
                                codeSystem="2.16.156.10011.2.2.1"
                                codeSystemName="卫生信息数据元目录" displayName="诊疗计划"/>
                            <value xsi:type="ST"><![CDATA[1.完善相关辅助检查血尿常规、血型、出凝血时间、心电图、胸片、肝肾功能、KUB、中段尿细菌培养，CT双输尿管平扫；2.予解痉、止痛及口服排石用药治疗；3.择期行手术治疗。]]></value>
                        </observation>
                    </entry>
                    <!--治则治法-->
                    <entry>
                        <observation classCode="OBS" moodCode="EVN">
                            <code code="DE06.00.300.00"
                                codeSystem="2.16.156.10011.2.2.1"
                                codeSystemName="卫生信息数据元目录" displayName="治则治法"/>
                            <value xsi:type="ST"><![CDATA[-]]></value>
                        </observation>
                    </entry>
                </section>
            </component>
        </structuredBody>
    </component>
</ClinicalDocument>
