<?xml version="1.0"?>
<ClinicalDocument xmlns="urn:hl7-org:v3" xmlns:mif="urn:hl7-org:v3/mif"
    xmlns:xsi="http://www.w3.org/2001/XMLSchema-instance" xsi:schemaLocation="urn:hl7-org:v3 ..\sdschemas\SDA.xsd">
    <!--
********************************************************
 CDA Header
********************************************************
-->
    <realmCode code="CN"/>
    <typeId extension="POCD_MT000040" root="2.16.840.1.113883.1.3"/>
    <templateId root="2.16.156.10011.2.1.1.26"/>
    <!-- 文档流水号 -->
    <id extension="8739076" root="2.16.156.10011.1.1"/>
    <code code="C0006" codeSystem="2.16.156.10011.2.4" codeSystemName="卫生信息共享文档编码体系"/>
    <title>检查报告</title>
    <!-- 文档机器生成时间 -->
    <effectiveTime value="20220510145145"/>
    <confidentialityCode code="N" codeSystem="2.16.840.1.113883.5.25"
        codeSystemName="Confidentiality" displayName="正常访问保密级别"/>
    <languageCode code="zh-CN"/>
    <setId/>
    <versionNumber/>
    <!--文档记录对象（患者）-->
    <recordTarget contextControlCode="OP" typeCode="RCT">
        <patientRole classCode="PAT">
            <!--门（急）诊号标识 -->
            <id extension="0004030370" root="2.16.156.10011.1.11"/>
            <!--住院号标识-->
            <id extension="00402772" root="2.16.156.10011.1.12"/>
            <!--检查报告单号标识-->
            <id extension="R1592500" root="2.16.156.10011.1.32"/>
            <!--电子申请单编号-->
            <id extension="18264317_118" root="2.16.156.10011.1.24"/>
            <!-- 标本编号标识 -->
            <id extension="-" root="2.16.156.10011.1.14"/>
            <!-- 患者类别代码 -->
            <patientType>
                <patienttypeCode code="3"
                    codeSystem="2.16.156.10011.2.3.1.271"
                    codeSystemName="患者类型代码表" displayName="住院"/>
            </patientType>
            <telecom value="15889666182"/>
            <patient classCode="PSN" determinerCode="INSTANCE">
                <!--患者身份证号标识-->
                <id extension="440301196105100422" root="2.16.156.10011.1.3"/>
                <name>邓仕梅</name>
                <administrativeGenderCode code="2"
                    codeSystem="2.16.156.10011.2.3.3.4"
                    codeSystemName="生理性别代码表(GB/T 2261.1)" displayName="女性"/>
                <!-- 年龄 -->
                <age unit="岁" value="61"/>
            </patient>
        </patientRole>
    </recordTarget>
    <!-- 检查报告医师（文档创作者） -->
    <author contextControlCode="OP" typeCode="AUT">
        <!-- 检查报告日期 -->
        <time value="20220510"/>
        <assignedAuthor classCode="ASSIGNED">
            <id extension="4793" root="2.16.156.10011.1.7"/>
            <!-- 医师姓名 -->
            <assignedPerson>
                <name>赖小慧</name>
            </assignedPerson>
        </assignedAuthor>
    </author>
    <!-- 保管机构 -->
    <custodian typeCode="CST">
        <assignedCustodian classCode="ASSIGNED">
            <representedCustodianOrganization classCode="ORG" determinerCode="INSTANCE">
                <id extension="1244030345" root="2.16.156.10011.1.5"/>
                <name>罗湖区人民医院</name>
            </representedCustodianOrganization>
        </assignedCustodian>
    </custodian>
    <!-- 审核医师签名 -->
    <legalAuthenticator>
        <time/>
        <signatureCode/>
        <assignedEntity>
            <id extension="lhl" root="2.16.156.10011.1.4"/>
            <code displayName="审核医师"/>
            <assignedPerson classCode="PSN" determinerCode="INSTANCE">
                <name>刘翰林</name>
            </assignedPerson>
        </assignedEntity>
    </legalAuthenticator>
    <!-- 检查技师签名 -->
    <authenticator>
        <time/>
        <signatureCode/>
        <assignedEntity>
            <id extension="王磊,杨影" root="2.16.156.10011.1.4"/>
            <code displayName="检查技师"/>
            <assignedPerson classCode="PSN" determinerCode="INSTANCE">
                <name>王磊,杨影</name>
            </assignedPerson>
        </assignedEntity>
    </authenticator>
    <!-- 检查医师签名 -->
    <authenticator>
        <time/>
        <signatureCode/>
        <assignedEntity>
            <id extension="4793" root="2.16.156.10011.1.4"/>
            <code displayName="检查医师"/>
            <assignedPerson classCode="PSN" determinerCode="INSTANCE">
                <name>赖小慧</name>
            </assignedPerson>
        </assignedEntity>
    </authenticator>
    <!-- 检查申请机构及科室 -->
    <participant typeCode="PRF">
        <time/>
        <associatedEntity classCode="ASSIGNED">
            <scopingOrganization>
                <id root="2.16.156.10011.1.26"/>
                <name>MNWK-泌尿外科</name>
                <asOrganizationPartOf>
                    <wholeOrganization>
                        <id extension="1244030345" root="2.16.156.10011.1.5"/>
                        <name>罗湖区人民医院</name>
                    </wholeOrganization>
                </asOrganizationPartOf>
            </scopingOrganization>
        </associatedEntity>
    </participant>
    <relatedDocument typeCode="RPLC">
        <parentDocument>
            <id/>
            <setId/>
            <versionNumber/>
        </parentDocument>
    </relatedDocument>
    <!-- 病床号、病房、病区、科室和医院的关联 -->
    <componentOf>
        <encompassingEncounter>
            <effectiveTime/>
            <location>
                <healthCareFacility>
                    <serviceProviderOrganization>
                        <asOrganizationPartOf classCode="PART">
                            <!-- DE01.00.026.00	病床号 -->
                            <wholeOrganization classCode="ORG" determinerCode="INSTANCE">
                                <id extension="12||8" root="2.16.156.10011.1.22"/>
                                <name>12||8</name>
                                <!-- DE01.00.019.00	病房号 -->
                                <asOrganizationPartOf classCode="PART">
                                    <wholeOrganization classCode="ORG" determinerCode="INSTANCE">
                                    <id extension="358" root="2.16.156.10011.1.21"/>
                                    <name>358</name>
                                    <!-- DE08.10.026.00	科室名称 -->
                                    <asOrganizationPartOf classCode="PART">
                                    <wholeOrganization
                                    classCode="ORG" determinerCode="INSTANCE">
                                    <id root="2.16.156.10011.1.26"/>
                                    <name>MNWK-泌尿外科</name>
                                    <!-- DE08.10.054.00	病区名称 -->
                                    <asOrganizationPartOf classCode="PART">
                                    <wholeOrganization
                                    classCode="ORG" determinerCode="INSTANCE">
                                    <id root="2.16.156.10011.1.27"/>
                                    <name>WSBQ-外三病区</name>
                                    <!--XXX医院 -->

                                    <asOrganizationPartOf classCode="PART">

                                    <wholeOrganization
                                    classCode="ORG" determinerCode="INSTANCE">
                                    <id
                                    extension="1244030345" root="2.16.156.10011.1.5"/>
                                    <name>罗湖区人民医院</name>
                                    </wholeOrganization>
                                    </asOrganizationPartOf>
                                    </wholeOrganization>
                                    </asOrganizationPartOf>
                                    </wholeOrganization>
                                    </asOrganizationPartOf>
                                    </wholeOrganization>
                                </asOrganizationPartOf>
                            </wholeOrganization>
                        </asOrganizationPartOf>
                    </serviceProviderOrganization>
                </healthCareFacility>
            </location>
        </encompassingEncounter>
    </componentOf>
    <!--***************************************************
文档体Body
*******************************************************
-->
    <component>
        <structuredBody>
            <!-- 诊断记录章节-->
            <component>
                <section>
                    <code code="29548-5"
                        codeSystem="2.16.840.1.113883.6.1"
                        codeSystemName="LOINC" displayName="Diagnosis"/>
                    <text/>
                    <!--条目：诊断-->
                    <entry>
                        <observation classCode="OBS" moodCode="EVN">
                            <code code="DE05.01.024.00"
                                codeSystem="2.16.156.10011.2.2.1"
                                codeSystemName="卫生信息数据元目录" displayName="诊断代码"/>
                            <!--诊断日期-->
                            <effectiveTime value="20220504"/>
                            <value code="N20.100"
                                codeSystem="2.16.156.10011.2.3.3.11"
                                codeSystemName="ICD-10"
                                displayName="输尿管结石" xsi:type="CD"/>
                            <performer>
                                <assignedEntity>
                                    <id/>
                                    <representedOrganization>
                                    <name>罗湖区人民医院</name>
                                    </representedOrganization>
                                </assignedEntity>
                            </performer>
                        </observation>
                    </entry>
                    <entry>
                        <observation classCode="OBS" moodCode="EVN">
                            <code code="DE05.01.024.00"
                                codeSystem="2.16.156.10011.2.2.1"
                                codeSystemName="卫生信息数据元目录" displayName="诊断代码"/>
                            <!--诊断日期-->
                            <effectiveTime value="20220519"/>
                            <value code="N20.100"
                                codeSystem="2.16.156.10011.2.3.3.11"
                                codeSystemName="ICD-10"
                                displayName="输尿管结石" xsi:type="CD"/>
                            <performer>
                                <assignedEntity>
                                    <id/>
                                    <representedOrganization>
                                    <name>罗湖区人民医院</name>
                                    </representedOrganization>
                                </assignedEntity>
                            </performer>
                        </observation>
                    </entry>
                </section>
            </component>
            <!-- 主诉章节 -->
            <component>
                <section>
                    <code code="10154-3"
                        codeSystem="2.16.840.1.113883.6.1"
                        codeSystemName="LOINC" displayName="CHIEF COMPLAINT"/>
                    <text/>
                    <!--主诉条目-->
                    <entry>
                        <observation classCode="OBS" moodCode="EVN">
                            <code code="DE04.01.119.00"
                                codeSystem="2.16.156.10011.2.2.1"
                                codeSystemName="卫生信息数据元目录" displayName="主诉"/>
                            <value xsi:type="ST"><![CDATA[右侧腰痛4天。]]></value>
                        </observation>
                    </entry>
                </section>
            </component>
            <!-- 症状章节 -->
            <component>
                <section>
                    <code code="11450-4"
                        codeSystem="2.16.840.1.113883.6.1"
                        codeSystemName="LOINC" displayName="PROBLEM LIST"/>
                    <text/>
                    <!-- 症状描述条目 -->
                    <entry>
                        <observation classCode="OBS" moodCode="EVN">
                            <code code="DE04.01.117.00"
                                codeSystem="2.16.156.10011.2.2.1"
                                codeSystemName="卫生信息数据元目录" displayName="症状描述"/>
                            <!-- 症状开始时间与停止时间 -->
                            <effectiveTime>
                                <low value="20220509112058"/>
                                <high value="20220510145145"/>
                            </effectiveTime>
                            <value xsi:type="ST"><![CDATA[腹部正位(腹部立位、腹平片、KUB)]]></value>
                        </observation>
                    </entry>
                </section>
            </component>
            <!-- 无手术操作章节 -->
            <!-- 体格检查章节-->
            <component>
                <section>
                    <code code="29545-1"
                        codeSystem="2.16.840.1.113883.6.1"
                        codeSystemName="LOINC" displayName="PHYSICAL EXAMINATION"/>
                    <text/>
                    <!--特殊检查条目-->
                    <entry>
                        <observation classCode="OBS" moodCode="EVN">
                            <code code="DE02.01.079.00"
                                codeSystem="2.16.156.10011.2.2.1"
                                codeSystemName="卫生信息数据元目录" displayName="特殊检查标志"/>
                            <value xsi:type="ST">false</value>
                        </observation>
                    </entry>
                    <entry>
                        <observation classCode="OBS" moodCode="EVN">
                            <code code="DE02.10.027.00"
                                codeSystem="2.16.156.10011.2.2.1"
                                codeSystemName="卫生信息数据元目录" displayName="检查方法名称"/>
                            <value xsi:type="ST"><![CDATA[-]]></value>
                        </observation>
                    </entry>
                    <entry>
                        <observation classCode="OBS" moodCode="EVN">
                            <code code="DE04.30.018.00"
                                codeSystem="2.16.156.10011.2.2.1"
                                codeSystemName="卫生信息数据元目录" displayName="检查类别"/>
                            <value xsi:type="ST">DR</value>
                        </observation>
                    </entry>
                    <entry>
                        <organizer classCode="CLUSTER" moodCode="EVN">
                            <statusCode/>
                            <component>
                                <observation classCode="OBS" moodCode="EVN">
                                    <code code="DE04.30.019.00"
                                    codeSystem="2.16.156.10011.2.2.1"
                                    codeSystemName="卫生信息数据元目录" displayName="检查项目代码"/>
                                    <!-- 检查日期 -->
                                    <effectiveTime value="20220510"/>
                                    <value xsi:type="ST">801913</value>
                                    <entryRelationship typeCode="COMP">
                                    <observation classCode="OBS" moodCode="EVN">
                                    <code code="DE04.50.134.00"
                                    codeSystem="2.16.156.10011.2.2.1"
                                    codeSystemName="卫生信息数据元目录" displayName="标本类别"/>
                                    <!-- DE04.50.137.00	标本采样日期时间 DE04.50.141.00	接收标本日期时间 -->
                                    <effectiveTime>
                                    <low value="00000000000000"/>
                                    <high value="00000000000000"/>
                                    </effectiveTime>
                                    <value xsi:type="ST">无</value>
                                    </observation>
                                    </entryRelationship>
                                    <entryRelationship typeCode="COMP">
                                    <observation classCode="OBS" moodCode="EVN">
                                    <code code="DE04.50.135.00"
                                    codeSystem="2.16.156.10011.2.2.1"
                                    codeSystemName="卫生信息数据元目录" displayName="标本状态"/>
                                    <value xsi:type="ST">无</value>
                                    </observation>
                                    </entryRelationship>
                                    <entryRelationship typeCode="COMP">
                                    <observation classCode="OBS" moodCode="EVN">
                                    <code code="DE08.50.027.00"
                                    codeSystem="2.16.156.10011.2.2.1"
                                    codeSystemName="卫生信息数据元目录" displayName="标本固定液名称"/>
                                    <value xsi:type="ST">无</value>
                                    </observation>
                                    </entryRelationship>
                                </observation>
                            </component>
                            <component>
                                <observation classCode="OBS" moodCode="EVN">
                                    <code code="DE04.30.017.00"
                                    codeSystem="2.16.156.10011.2.2.1"
                                    codeSystemName="卫生信息数据元目录" displayName="检查结果代码"/>
                                    <value code="3"
                                    codeSystem="2.16.156.10011.2.3.2.38"
                                    codeSystemName="检查/检验结果代码表"
                                    displayName="不确定" xsi:type="CD"/>
                                </observation>
                            </component>
                            <component>
                                <observation classCode="OBS" moodCode="EVN">
                                    <code code="DE04.30.015.00"
                                    codeSystem="2.16.156.10011.2.2.1"
                                    codeSystemName="卫生信息数据元目录" displayName="检查定量结果"/>
                                    <value value="0.0000" xsi:type="REAL"/>
                                    <entryRelationship typeCode="COMP">
                                    <observation classCode="OBS" moodCode="EVN">
                                    <code code="DE04.30.016.00"
                                    codeSystem="2.16.156.10011.2.2.1"
                                    codeSystemName="卫生信息数据元目录" displayName="检查定量结果计量单位"/>
                                    <value xsi:type="ST">无</value>
                                    </observation>
                                    </entryRelationship>
                                </observation>
                            </component>
                        </organizer>
                    </entry>
                </section>
            </component>
            <!--  其他处置章节 -->
            <component>
                <section>
                    <code displayName="其他处置章节"/>
                    <text/>
                    <!-- 诊疗过程描述　-->
                    <entry typeCode="COMP">
                        <observation classCode="OBS" moodCode="EVN">
                            <code code="DE06.00.296.00"
                                codeSystem="2.16.156.10011.2.2.1"
                                codeSystemName="卫生信息数据元目录" displayName="诊疗过程描述"/>
                            <value xsi:type="ST"><![CDATA[无]]></value>
                        </observation>
                    </entry>
                </section>
            </component>
            <!-- 检查报告章节 -->
            <component>
                <section>
                    <code displayName="检查报告"/>
                    <text/>
                    <entry>
                        <observation classCode="OBS" moodCode="EVN">
                            <code code="DE04.50.131.00"
                                codeSystem="2.16.156.10011.2.2.1"
                                codeSystemName="卫生信息数据元目录" displayName="检查报告结果-客观所见"/>
                            <value xsi:type="ST"><![CDATA[    双侧肾影显示不清。右侧泌尿系可见双J管留置，下段管周可见直径2mm的小结节状高密度影，右肾区隐约可见大小15×6mm的小结节状高密度影；余相当于左肾区、左侧输尿管走行区及膀胱区未见明确阳性结石影。腹部肠管未见明确扩张积气。]]></value>
                        </observation>
                    </entry>
                    <entry>
                        <observation classCode="OBS" moodCode="EVN">
                            <code code="DE04.50.132.00"
                                codeSystem="2.16.156.10011.2.2.1"
                                codeSystemName="卫生信息数据元目录" displayName="检查报告结果-主观提示"/>
                            <value xsi:type="ST"><![CDATA[右侧泌尿系双J管留置术后改变，下段管周结石残留可能，右肾结石可能，请结合临床相关检查。]]></value>
                        </observation>
                    </entry>
                    <entry>
                        <observation classCode="OBS" moodCode="EVN">
                            <code code="DE08.10.026.00"
                                codeSystem="2.16.156.10011.2.2.1"
                                codeSystemName="卫生信息数据元目录" displayName="检查报告科室"/>
                            <value xsi:type="ST">放射科</value>
                        </observation>
                    </entry>
                    <entry>
                        <observation classCode="OBS" moodCode="EVN">
                            <code code="DE08.10.013.00"
                                codeSystem="2.16.156.10011.2.2.1"
                                codeSystemName="卫生信息数据元目录" displayName="检查报告机构名称"/>
                            <value xsi:type="ST">罗湖区人民医院</value>
                        </observation>
                    </entry>
                    <entry>
                        <observation classCode="OBS" moodCode="EVN">
                            <code code="DE06.00.179.00"
                                codeSystem="2.16.156.10011.2.2.1"
                                codeSystemName="卫生信息数据元目录" displayName="检查报告备注"/>
                            <value xsi:type="ST"><![CDATA[无]]></value>
                        </observation>
                    </entry>
                </section>
            </component>
        </structuredBody>
    </component>
</ClinicalDocument>
