<?xml version="1.0" encoding="UTF-8"?>
<ClinicalDocument xmlns="urn:hl7-org:v3" xmlns:mif="urn:hl7-org:v3/mif"
    xmlns:xsi="http://www.w3.org/2001/XMLSchema-instance" xsi:schemaLocation="urn:hl7-org:v3 ..\sdschemas\SDA.xsd">
    <realmCode code="CN"/>
    <typeId extension="POCD_MT000040" root="2.16.840.1.113883.1.3"/>
    <templateId root="2.16.156.10011.2.1.1.66"/>
    <!-- 文档流水号 -->
    <id extension="C0046_9810818||1" root="2.16.156.10011.1.1"/>
    <code code="C0046" codeSystem="2.16.156.10011.2.4" codeSystemName="卫生信息共享文档编码体系"/>
    <!--title-->
    <title>术前小结</title>
    <!-- 文档机器生成时间 -->
    <effectiveTime value="20220519090238"/>
    <confidentialityCode code="N" codeSystem="2.16.840.1.113883.5.25"
        codeSystemName="Confidentiality" displayName="正常访问保密级别"/>
    <languageCode code="zh-CN"/>
    <setId/>
    <versionNumber/>
    <recordTarget contextControlCode="OP" typeCode="RCT">
        <patientRole classCode="PAT">
            <!--住院号 -->
            <id extension="00402772" root="2.16.156.10011.1.12"/>
            <patient classCode="PSN" determinerCode="INSTANCE">
                <!--患者身份证号标识-->
                <id extension="440301196105100422" root="2.16.156.10011.1.3"/>
                <name>邓仕梅</name>
                <administrativeGenderCode code="2"
                    codeSystem="2.16.156.10011.2.3.3.4"
                    codeSystemName="生理性别代码表(GB/T 2261.1)" displayName="女性"/>
                <age unit="岁" value="60"/>
            </patient>
        </patientRole>
    </recordTarget>
    <author contextControlCode="OP" typeCode="AUT">
        <!-- DE06.00.218.00	小结日期时间	-->
        <time value="20220508114744"/>
        <assignedAuthor classCode="ASSIGNED">
            <id extension="3632" root="2.16.156.10011.1.7"/>
            <assignedPerson>
                <name>黎剑淼</name>
            </assignedPerson>
        </assignedAuthor>
    </author>
    <custodian typeCode="CST">
        <assignedCustodian classCode="ASSIGNED">
            <representedCustodianOrganization classCode="ORG" determinerCode="INSTANCE">
                <id extension="1244030345" root="2.16.156.10011.1.5"/>
                <name>罗湖区人民医院</name>
            </representedCustodianOrganization>
        </assignedCustodian>
    </custodian>
    <authenticator>
        <!--签名日期时间-->
        <time value="20220508114744"/>
        <signatureCode/>
        <assignedEntity>
            <id extension="黎剑淼" root="2.16.156.10011.1.4"/>
            <code displayName="手术者"/>
            <assignedPerson>
                <name>3632</name>
            </assignedPerson>
        </assignedEntity>
    </authenticator>
    <authenticator>
        <!--签名日期时间-->
        <time value="20220508131946"/>
        <signatureCode/>
        <assignedEntity>
            <id extension="3632" root="2.16.156.10011.1.4"/>
            <code displayName="医师"/>
            <assignedPerson>
                <name>黎剑淼</name>
            </assignedPerson>
        </assignedEntity>
    </authenticator>
    <participant typeCode="NOT">
        <!--联系人@classCode：CON，固定值，表示角色是联系人 -->
        <associatedEntity classCode="ECON">
            <!--联系人电话-->
            <telecom value=""/>
            <!--联系人-->
            <associatedPerson>
                <!--姓名-->
                <name/>
            </associatedPerson>
        </associatedEntity>
    </participant>
    <relatedDocument typeCode="RPLC">
        <parentDocument>
            <id/>
            <setId/>
            <versionNumber/>
        </parentDocument>
    </relatedDocument>
    <!-- 病床号、病房、病区、科室和医院的关联 -->
    <componentOf>
        <encompassingEncounter>
            <effectiveTime/>
            <location>
                <healthCareFacility>
                    <serviceProviderOrganization>
                        <asOrganizationPartOf classCode="PART">
                            <!--HDSD00.09.003	DE01.00.026.00	病床号 -->
                            <wholeOrganization classCode="ORG" determinerCode="INSTANCE">
                                <id extension="08" root="2.16.156.10011.1.22"/>
                                <name>08</name>
                                <!--HDSD00.09.004	DE01.00.019.00	病房号 -->
                                <asOrganizationPartOf classCode="PART">
                                    <wholeOrganization classCode="ORG" determinerCode="INSTANCE">
                                    <id extension="1102-" root="2.16.156.10011.1.21"/>
                                    <name>1102</name>
                                    <!--HDSD00.09.036	DE08.10.026.00	科室名称 -->
                                    <asOrganizationPartOf classCode="PART">
                                    <wholeOrganization
                                    classCode="ORG" determinerCode="INSTANCE">
                                    <id extension="30014" root="2.16.156.10011.1.26"/>
                                    <name>泌尿外科</name>
                                    <!--HDSD00.09.005	DE08.10.054.00	病区名称 -->
                                    <asOrganizationPartOf classCode="PART">
                                    <wholeOrganization
                                    classCode="ORG" determinerCode="INSTANCE">
                                    <id
                                    extension="40012" root="2.16.156.10011.1.27"/>
                                    <name>外三病区</name>
                                    <!--XXX医院 -->

                                    <asOrganizationPartOf classCode="PART">

                                    <wholeOrganization
                                    classCode="ORG" determinerCode="INSTANCE">
                                    <id
                                    extension="1244030345" root="2.16.156.10011.1.5"/>
                                    <name>罗湖区人民医院</name>
                                    </wholeOrganization>
                                    </asOrganizationPartOf>
                                    </wholeOrganization>
                                    </asOrganizationPartOf>
                                    </wholeOrganization>
                                    </asOrganizationPartOf>
                                    </wholeOrganization>
                                </asOrganizationPartOf>
                            </wholeOrganization>
                        </asOrganizationPartOf>
                    </serviceProviderOrganization>
                </healthCareFacility>
            </location>
        </encompassingEncounter>
    </componentOf>
    <component>
        <structuredBody>
            <!--病历摘要章节-->
            <component>
                <section>
                    <code code="DE06.00.182.00"
                        codeSystem="2.16.156.10011.2.2.1"
                        codeSystemName="卫生信息数据元目录" displayName="病历摘要"/>
                    <text><![CDATA[1.病史：为老年女性，急性起病。2.因“右侧腰痛4天。”入院。3.体查：双肾未触及，双肾区无红肿、隆起，左肾区叩击痛（-），右肾区叩击痛（+），双侧肋脊点、肋腰点压痛（-）。腹平软，左侧输尿管走行区压痛（-），右侧输尿管走行区压痛（-），膀胱区无膨隆，压痛阴性。4.辅助检查：2022-05-04 彩超:泌尿系（双肾、输尿管、膀胱）:右肾多发性结石。右输尿管第一狭窄处结石并右肾轻度积水。左肾、膀胱未]]></text>
                </section>
            </component>
            <!--术前诊断章节-->
            <component>
                <section>
                    <code code="11535-2"
                        codeSystem="2.16.840.1.113883.6.1"
                        codeSystemName="LOINC" displayName="HOSPITAL DISCHARGE DX"/>
                    <text/>
                    <entry>
                        <observation classCode="OBS" moodCode="EVN">
                            <code code="DE05.01.024.00"
                                codeSystem="2.16.156.10011.2.2.1"
                                codeSystemName="卫生信息数据元目录" displayName="术前诊断编码"/>
                            <value code="N20.100"
                                codeSystem="2.16.156.10011.2.3.3.11"
                                codeSystemName="ICD-10"
                                displayName="输尿管结石" xsi:type="CD"/>
                        </observation>
                    </entry>
                    <entry>
                        <observation classCode="OBS" moodCode="EVN">
                            <code code="DE05.01.070.00"
                                codeSystem="2.16.156.10011.2.2.1"
                                codeSystemName="卫生信息数据元目录" displayName="诊断依据"/>
                            <value xsi:type="ST"><![CDATA[1.病史：为老年女性，急性起病。2.因“右侧腰痛4天。”入院。3.体查：双肾未触及，双肾区无红肿、隆起，左肾区叩击痛（-），右肾区叩击痛（+），双侧肋脊点、肋腰点压痛（-）。腹平软，左侧输尿管走行区压痛（-），右侧输尿管走行区压痛（-），膀胱区无膨隆，压痛阴性。4.辅助检查：2022-05-04 彩超:泌尿系（双肾、输尿管、膀胱）:右肾多发性结石。右输尿管第一狭窄处结石并右肾轻度积水。左肾、膀胱未]]></value>
                        </observation>
                    </entry>
                </section>
            </component>
            <!--既往史章节-->
            <component>
                <section>
                    <code code="11348-0"
                        codeSystem="2.16.840.1.113883.6.1"
                        codeSystemName="LOINC" displayName="HISTORY OF PAST ILLNESS"/>
                    <text/>
                    <entry>
                        <observation classCode="OBS" moodCode="EVN">
                            <code code="DE02.10.023.00"
                                codeSystem="2.16.156.10011.2.2.1"
                                codeSystemName="卫生信息数据元目录" displayName="过敏史标志"/>
                            <value value="false" xsi:type="BL"/>
                        </observation>
                    </entry>
                    <entry>
                        <observation classCode="OBS" moodCode="EVN">
                            <code code="DE02.10.022.00"
                                codeSystem="2.16.156.10011.2.2.1"
                                codeSystemName="卫生信息数据元目录" displayName="过敏史"/>
                            <value xsi:type="ST"><![CDATA[无]]></value>
                        </observation>
                    </entry>
                </section>
            </component>
            <!--辅助检查章节-->
            <component>
                <section>
                    <code displayName="辅助检查章节"/>
                    <text/>
                    <entry>
                        <observation classCode="OBS" moodCode="EVN">
                            <code code="DE04.30.009.00"
                                codeSystem="2.16.156.10011.2.2.1"
                                codeSystemName="卫生信息数据元目录" displayName="辅助检查结果"/>
                            <value xsi:type="ST"><![CDATA[1.病史：为老年女性，急性起病。2.因“右侧腰痛4天。”入院。3.体查：双肾未触及，双肾区无红肿、隆起，左肾区叩击痛（-），右肾区叩击痛（+），双侧肋脊点、肋腰点压痛（-）。腹平软，左侧输尿管走行区压痛（-），右侧输尿管走行区压痛（-），膀胱区无膨隆，压痛阴性。4.辅助检查：2022-05-04 彩超:泌尿系（双肾、输尿管、膀胱）:右肾多发性结石。右输尿管第一狭窄处结石并右肾轻度积水。左肾、膀胱未]]></value>
                        </observation>
                    </entry>
                </section>
            </component>
            <!--手术章节-->
            <component>
                <section>
                    <code code="47519-4"
                        codeSystem="2.16.840.1.113883.6.1"
                        codeSystemName="LOINC" displayName="HISTORY OF PROCEDURES"/>
                    <text/>
                    <entry>
                        <observation classCode="OBS" moodCode="EVN">
                            <code code="DE05.10.151.00"
                                codeSystem="2.16.156.10011.2.2.1"
                                codeSystemName="卫生信息数据元目录" displayName="手术适应证"/>
                            <value xsi:type="ST"><![CDATA[右侧肾输尿管结石合并感染、梗阻积液；如果不处理结石肾功能进一步损害。]]></value>
                        </observation>
                    </entry>
                    <entry>
                        <observation classCode="OBS" moodCode="EVN">
                            <code code="DE05.10.141.00"
                                codeSystem="2.16.156.10011.2.2.1"
                                codeSystemName="卫生信息数据元目录" displayName="手术禁忌症"/>
                            <value xsi:type="ST"><![CDATA[黄桂晓副主任医师、甘露主治医师、熊星主治医师主治医师术前访视患者后指示：1、术前禁食；2、术区备皮；3、完善术前相关的辅助检查；4、与患者及其家属谈话、签字；5、治疗合并疾病；6、准备输尿管软镜、软镜]]></value>
                        </observation>
                    </entry>
                    <entry>
                        <observation classCode="OBS" moodCode="EVN">
                            <code code="DE06.00.340.00"
                                codeSystem="2.16.156.10011.2.2.1"
                                codeSystemName="卫生信息数据元目录" displayName="手术指征"/>
                            <value xsi:type="ST"><![CDATA[右侧肾输尿管结石合并感染、梗阻积液；如果不处理结石肾功能进一步损害。]]></value>
                        </observation>
                    </entry>
                </section>
            </component>
            <!--会诊章节-->
            <component>
                <section>
                    <code displayName="会诊意见"/>
                    <text/>
                    <entry>
                        <observation classCode="OBS" moodCode="EVN">
                            <code code="DE06.00.018.00"
                                codeSystem="2.16.156.10011.2.2.1"
                                codeSystemName="卫生信息数据元目录" displayName="会诊意见"/>
                            <value xsi:type="ST"><![CDATA[-]]></value>
                        </observation>
                    </entry>
                </section>
            </component>
            <!--治疗计划章节-->
            <component>
                <section>
                    <code code="18776-5"
                        codeSystem="2.16.840.1.113883.6.1"
                        codeSystemName="LOINC" displayName="TREATMENT PLAN"/>
                    <text/>
                    <entry>
                        <observation classCode="OBS" moodCode="EVN">
                            <code code="DE06.00.093.00"
                                codeSystem="2.16.156.10011.2.2.1"
                                codeSystemName="卫生信息数据元目录" displayName="拟实施手术及操作编码"/>
                            <value code="-"
                                codeSystem="2.16.156.10011.2.3.3.12"
                                codeSystemName="手术(操作)代码表(ICD-9-CM)"
                                displayName="经尿道右侧输尿管软镜钬激光碎石术+输尿管支架置入术" xsi:type="CD"/>
                        </observation>
                    </entry>
                    <entry>
                        <observation classCode="OBS" moodCode="EVN">
                            <code code="DE06.00.094.00"
                                codeSystem="2.16.156.10011.2.2.1"
                                codeSystemName="卫生信息数据元目录" displayName="拟实施手术及操作名称"/>
                            <value xsi:type="ST">经尿道右侧输尿管软镜钬激光碎石术+输尿管支架置入术</value>
                        </observation>
                    </entry>
                    <entry>
                        <observation classCode="OBS" moodCode="EVN">
                            <code code="DE06.00.187.00"
                                codeSystem="2.16.156.10011.2.2.1"
                                codeSystemName="卫生信息数据元目录" displayName="拟实施手术目标部位名称"/>
                            <value xsi:type="ST">输尿管</value>
                        </observation>
                    </entry>
                    <entry>
                        <observation classCode="OBS" moodCode="EVN">
                            <code code="DE06.00.221.00"
                                codeSystem="2.16.156.10011.2.2.1"
                                codeSystemName="卫生信息数据元目录" displayName="拟实施手术及操作日期时间"/>
                            <value value="20220508114744" xsi:type="TS"/>
                        </observation>
                    </entry>
                    <entry>
                        <observation classCode="OBS" moodCode="EVN">
                            <code code="DE06.00.073.00"
                                codeSystem="2.16.156.10011.2.2.1"
                                codeSystemName="卫生信息数据元目录" displayName="拟实施麻醉方法代码"/>
                            <value code="1"
                                codeSystem="2.16.156.10011.2.3.1.159"
                                codeSystemName="麻醉方法代码表"
                                displayName="全身麻醉" xsi:type="CD"/>
                        </observation>
                    </entry>
                </section>
            </component>
            <!--注意事项章节-->
            <component>
                <section>
                    <code code="DE09.00.119.00"
                        codeSystem="2.16.156.10011.2.2.1"
                        codeSystemName="卫生信息数据元目录" displayName="注意事项"/>
                    <text/>
                    <entry>
                        <observation classCode="OBS" moodCode="EVN">
                            <code code="DE09.00.119.00"
                                codeSystem="2.16.156.10011.2.2.1"
                                codeSystemName="卫生信息数据元目录" displayName="注意事项"/>
                            <value xsi:type="ST"><![CDATA[1、如因麻醉意外，或手术打击而诱发潜在的心血管等方面疾病，发生呼吸心跳骤停等情况，则协助麻醉医师进行抢救和治疗；2、尿道狭窄，导致置镜困难，必要时行尿道狭窄扩张；输尿管开口异常或输尿管狭窄导致无法置镜，需留置输尿管支架二期手术治疗；3、术中需保持低压灌注，预防尿源性脓毒血症；钬激光间断激发，配合灌洗液降温，避免输尿管热损伤；4、术后留置输尿管支架，辅以抗感染治疗，密切监测尿液性状、尿量及感染指标变化。5、如结石位于下盏不易排石，可配合取石网篮套取结石提高清石率。]]></value>
                        </observation>
                    </entry>
                    <entry>
                        <observation classCode="OBS" moodCode="EVN">
                            <code code="DE06.00.254.00"
                                codeSystem="2.16.156.10011.2.2.1"
                                codeSystemName="卫生信息数据元目录" displayName="手术要点"/>
                            <value xsi:type="ST"><![CDATA[1、如因麻醉意外，或手术打击而诱发潜在的心血管等方面疾病，发生呼吸心跳骤停等情况，则协助麻醉医师进行抢救和治疗；2、尿道狭窄，导致置镜困难，必要时行尿道狭窄扩张；输尿管开口异常或输尿管狭窄导致无法置镜，需留置输尿管支架二期手术治疗；3、术中需保持低压灌注，预防尿源性脓毒血症；钬激光间断激发，配合灌洗液降温，避免输尿管热损伤；4、术后留置输尿管支架，辅以抗感染治疗，密切监测尿液性状、尿量及感染指标变]]></value>
                        </observation>
                    </entry>
                    <entry>
                        <observation classCode="OBS" moodCode="EVN">
                            <code code="DE06.00.271.00"
                                codeSystem="2.16.156.10011.2.2.1"
                                codeSystemName="卫生信息数据元目录" displayName="术前准备"/>
                            <value xsi:type="ST"><![CDATA[1、如因麻醉意外，或手术打击而诱发潜在的心血管等方面疾病，发生呼吸心跳骤停等情况，则协助麻醉医师进行抢救和治疗；2、尿道狭窄，导致置镜困难，必要时行尿道狭窄扩张；输尿管开口异常或输尿管狭窄导致无法置镜，需留置输尿管支架二期手术治疗；3、术中需保持低压灌注，预防尿源性脓毒血症；钬激光间断激发，配合灌洗液降温，避免输尿管热损伤；4、术后留置输尿管支架，辅以抗感染治疗，密切监测尿液性状、尿量及感染指标变化。5、如结石位于下盏不易排石，可配合取石网篮套取结石提高清石率。]]></value>
                        </observation>
                    </entry>
                </section>
            </component>
        </structuredBody>
    </component>
</ClinicalDocument>
