<?xml version="1.0" encoding="UTF-8"?>
<ClinicalDocument xmlns="urn:hl7-org:v3"
    xmlns:xsi="http://www.w3.org/2001/XMLSchema-instance" xsi:schemaLocation="urn:hl7-org:v3 ..\sdschemas\SDA.xsd">
    <realmCode code="CN"/>
    <typeId extension="POCD_MT000040" root="2.16.840.1.113883.1.3"/>
    <templateId root="2.16.156.10011.2.1.1.46"/>
    <!-- 文档流水号 -->
    <id extension="C0026_9801709||1" root="2.16.156.10011.1.1"/>
    <code code="C0026" codeSystem="2.16.156.10011.2.4" codeSystemName="卫生信息共享文档编码体系"/>
    <title>手术知情告知书</title>
    <!-- 文档机器生成时间 -->
    <effectiveTime value="20220519000000"/>
    <confidentialityCode code="N" codeSystem="2.16.840.1.113883.5.25"
        codeSystemName="Confidentiality" displayName="正常访问保密级别"/>
    <languageCode code="zh-CN"/>
    <setId/>
    <versionNumber/>
    <!--患者信息-->
    <recordTarget contextControlCode="OP" typeCode="RCT">
        <patientRole>
            <!--门诊号-->
            <id extension="-" root="2.16.156.10011.1.11"/>
            <!--住院号-->
            <id extension="00402772" root="2.16.156.10011.1.12"/>
            <!-- 知情同意书编号 -->
            <id extension="9801709||1" root="2.16.156.10011.1.34"/>
            <patient>
                <!--患者身份证号标识-->
                <id extension="440301196105100422" root="2.16.156.10011.1.3"/>
                <name>邓仕梅</name>
                <!--性别-->
                <administrativeGenderCode code="2"
                    codeSystem="2.16.156.10011.2.3.3.4"
                    codeSystemName="生理性别代码表(GB/T 2261.1)" displayName="女性"/>
                <!--出生日期-->
                <birthTime value="19610510"/>
                <age unit="岁" value="60"/>
            </patient>
        </patientRole>
    </recordTarget>
    <!--作者-->
    <author contextControlCode="OP" typeCode="AUT">
        <time value="20220615"/>
        <assignedAuthor classCode="ASSIGNED">
            <id extension="378" root="2.16.156.10011.1.7"/>
            <assignedPerson>
                <name>甘露</name>
            </assignedPerson>
        </assignedAuthor>
    </author>
    <custodian typeCode="CST">
        <assignedCustodian classCode="ASSIGNED">
            <representedCustodianOrganization classCode="ORG" determinerCode="INSTANCE">
                <id extension="1244030345" root="2.16.156.10011.1.5"/>
                <name>罗湖区人民医院</name>
            </representedCustodianOrganization>
        </assignedCustodian>
    </custodian>
    <!--医师签名-->
    <legalAuthenticator typeCode="LA">
        <!-- DE02.01.039.00	经治医师签名 -->
        <time value="20220507143923"/>
        <signatureCode/>
        <assignedEntity>
            <id extension="6056" root="2.16.156.10011.1.4"/>
            <code displayName="经治医师"/>
            <assignedPerson>
                <name>甘露</name>
            </assignedPerson>
        </assignedEntity>
    </legalAuthenticator>
    <!-- 手术者签名 -->
    <authenticator>
        <time value="20220507143923"/>
        <signatureCode/>
        <assignedEntity>
            <id extension="378" root="2.16.156.10011.1.4"/>
            <code displayName="手术者"/>
            <assignedPerson>
                <name>甘露</name>
            </assignedPerson>
        </assignedEntity>
    </authenticator>
    <!-- 患者签名 -->
    <authenticator>
        <!-- DE09.00.053.00	签名日期时间  -->
        <time value="20220507143923"/>
        <signatureCode/>
        <assignedEntity>
            <id extension="医务人员编号" root="2.16.156.10011.1.4"/>
            <code displayName="患者"/>
            <assignedPerson>
                <name>邓仕梅</name>
            </assignedPerson>
        </assignedEntity>
    </authenticator>
    <!--代理人签名-->
    <authenticator>
        <!-- DE09.00.053.00	签名日期时间  -->
        <time value="20220507143923"/>
        <signatureCode/>
        <assignedEntity>
            <id extension="-" root="2.16.156.10011.1.3"/>
            <!--代理人关系-->
            <code code="8" codeSystem="2.16.156.10011.2.3.3.8"
                codeSystemName="家庭关系代码表(GB/T 4761)" displayName="其他"/>
            <assignedPerson>
                <name>-</name>
            </assignedPerson>
        </assignedEntity>
    </authenticator>
    <relatedDocument typeCode="RPLC">
        <parentDocument>
            <id/>
            <setId/>
            <versionNumber/>
        </parentDocument>
    </relatedDocument>
    <!-- 病床号、病房、病区、科室和医院的关联 -->
    <componentOf>
        <encompassingEncounter>
            <effectiveTime/>
            <location>
                <healthCareFacility>
                    <serviceProviderOrganization>
                        <asOrganizationPartOf classCode="PART">
                            <!-- DE01.00.026.00	病床号 -->
                            <wholeOrganization classCode="ORG" determinerCode="INSTANCE">
                                <id extension="08" root="2.16.156.10011.1.22"/>
                                <name>08</name>
                                <!-- DE01.00.019.00	病房号 -->
                                <asOrganizationPartOf classCode="PART">
                                    <wholeOrganization classCode="ORG" determinerCode="INSTANCE">
                                    <id extension="1102-" root="2.16.156.10011.1.21"/>
                                    <name>1102</name>
                                    <!-- DE08.10.026.00	科室名称 -->
                                    <asOrganizationPartOf classCode="PART">
                                    <wholeOrganization
                                    classCode="ORG" determinerCode="INSTANCE">
                                    <id extension="30014" root="2.16.156.10011.1.26"/>
                                    <name>泌尿外科</name>
                                    <!-- DE08.10.054.00	病区名称 -->
                                    <asOrganizationPartOf classCode="PART">
                                    <wholeOrganization
                                    classCode="ORG" determinerCode="INSTANCE">
                                    <id
                                    extension="40012" root="2.16.156.10011.1.27"/>
                                    <name>外三病区</name>
                                    <!--XXX医院 -->

                                    <asOrganizationPartOf classCode="PART">

                                    <wholeOrganization
                                    classCode="ORG" determinerCode="INSTANCE">
                                    <id
                                    extension="1244030345" root="2.16.156.10011.1.5"/>
                                    <name>罗湖区人民医院</name>
                                    </wholeOrganization>
                                    </asOrganizationPartOf>
                                    </wholeOrganization>
                                    </asOrganizationPartOf>
                                    </wholeOrganization>
                                    </asOrganizationPartOf>
                                    </wholeOrganization>
                                </asOrganizationPartOf>
                            </wholeOrganization>
                        </asOrganizationPartOf>
                    </serviceProviderOrganization>
                </healthCareFacility>
            </location>
        </encompassingEncounter>
    </componentOf>
    <!--CDA body-->
    <component>
        <structuredBody>
            <!--术前诊断章节-->
            <component>
                <section>
                    <code code="10219-4"
                        codeSystem="2.16.840.1.113883.6.1"
                        codeSystemName="LOINC" displayName="Surgical operation note preoperative Dx"/>
                    <text/>
                    <entry typeCode="COMP">
                        <observation classCode="OBS" moodCode="EVN">
                            <code code="DE05.01.024.00"
                                codeSystem="2.16.156.10011.2.2.1"
                                codeSystemName="卫生信息数据元目录" displayName="疾病诊断编码"/>
                            <value code="N20.100"
                                codeSystem="2.16.156.10011.2.3.3.11"
                                codeSystemName="ICD-10"
                                displayName="输尿管结石" xsi:type="CD"/>
                        </observation>
                    </entry>
                </section>
            </component>
            <!--治疗计划章节-->
            <component>
                <section>
                    <code code="18776-5"
                        codeSystem="2.16.840.1.113883.6.1"
                        codeSystemName="LOINC" displayName="TREATMENT PLAN"/>
                    <text/>
                    <!--拟实施手术-->
                    <entry>
                        <!--拟实施手术-->
                        <procedure classCode="PROC" moodCode="RQO">
                            <code code="-"
                                codeSystem="2.16.156.10011.2.3.3.12"
                                codeSystemName="手术(操作)代码表(ICD-9-CM)" displayName="右侧输尿管软镜钬激光碎石取石术"/>
                            <statusCode code="new"/>
                            <!--手术时间-->
                            <effectiveTime value="202205090800"/>
                            <!--手术方式描述-->
                            <entryRelationship typeCode="COMP">
                                <observation classCode="OBS" moodCode="EVN">
                                    <code code="DE06.00.302.00"
                                    codeSystem="2.16.156.10011.2.2.1"
                                    codeSystemName="卫生信息数据元目录" displayName="手术方式"/>
                                    <value xsi:type="ST"><![CDATA[右侧输尿管软镜钬激光碎石取石术]]></value>
                                </observation>
                            </entryRelationship>
                            <!--手术前的准备-->
                            <entryRelationship typeCode="COMP">
                                <observation classCode="OBS" moodCode="EVN">
                                    <code code="DE06.00.271.00"
                                    codeSystem="2.16.156.10011.2.2.1"
                                    codeSystemName="卫生信息数据元目录" displayName="术前准备"/>
                                    <value xsi:type="ST"><![CDATA[-]]></value>
                                </observation>
                            </entryRelationship>
                            <!--手术禁忌症-->
                            <entryRelationship typeCode="COMP">
                                <observation classCode="OBS" moodCode="DEF">
                                    <code code="DE05.10.141.00"
                                    codeSystem="2.16.156.10011.2.2.1"
                                    codeSystemName="卫生信息数据元目录" displayName="手术禁忌症"/>
                                    <value xsi:type="ST"><![CDATA[-]]></value>
                                </observation>
                            </entryRelationship>
                            <!--手术指征-->
                            <entryRelationship typeCode="RSON">
                                <observation classCode="OBS" moodCode="EVN">
                                    <code code="DE06.00.340.00"
                                    codeSystem="2.16.156.10011.2.2.1"
                                    codeSystemName="卫生信息数据元目录" displayName="手术指征"/>
                                    <value xsi:type="ST"><![CDATA[-]]></value>
                                </observation>
                            </entryRelationship>
                            <!--拟麻醉信息-->
                            <entryRelationship typeCode="COMP">
                                <observation classCode="OBS" moodCode="EVN">
                                    <code code="DE06.00.073.00"
                                    codeSystem="2.16.156.10011.2.2.1"
                                    codeSystemName="卫生信息数据元目录" displayName="拟实施麻醉方法代码"/>
                                    <value code="1"
                                    codeSystem="2.16.156.10011.2.3.1.159"
                                    codeSystemName="麻醉方法代码表"
                                    displayName="全身麻醉" xsi:type="CD"/>
                                </observation>
                            </entryRelationship>
                        </procedure>
                    </entry>
                    <!--替代方案-->
                    <entry>
                        <observation classCode="OBS" moodCode="DEF">
                            <code code="DE06.00.301.00"
                                codeSystem="2.16.156.10011.2.2.1"
                                codeSystemName="卫生信息数据元目录" displayName="替代方案"/>
                            <value xsi:type="ST"><![CDATA[无]]></value>
                        </observation>
                    </entry>
                </section>
            </component>
            <!--意见章节-->
            <component>
                <section>
                    <code displayName="意见章节"/>
                    <text/>
                    <!--医疗机构意见-->
                    <entry>
                        <observation classCode="OBS" moodCode="EVN">
                            <code code="DE06.00.018.00"
                                codeSystem="2.16.156.10011.2.2.1"
                                codeSystemName="卫生信息数据元目录" displayName="医疗机构的意见"/>
                            <value xsi:type="ST"><![CDATA[2022年05月09日 08:00 进行 右侧输尿管软镜钬激光碎石取石术、右输尿管支架置入术 治疗方案。]]></value>
                        </observation>
                    </entry>
                    <!--患者意见-->
                    <entry>
                        <observation classCode="OBS" moodCode="EVN">
                            <code code="DE06.00.018.00"
                                codeSystem="2.16.156.10011.2.2.1"
                                codeSystemName="卫生信息数据元目录" displayName="患者的意见"/>
                            <value xsi:type="ST"><![CDATA[-]]></value>
                        </observation>
                    </entry>
                </section>
            </component>
            <!--风险章节-->
            <component>
                <section>
                    <code displayName="操作风险"/>
                    <text/>
                    <!--手术中可能出现的意外-->
                    <entry>
                        <observation classCode="OBS" moodCode="DEF">
                            <code code="DE05.10.162.00"
                                codeSystem="2.16.156.10011.2.2.1"
                                codeSystemName="卫生信息数据元目录" displayName="手术中可能出现的意外及风险"/>
                            <value xsi:type="ST"><![CDATA[医师承诺将会严格按照医疗操作规范及本操作的技术规范要求进行操作。尽管如此，本次操作仍存在不可预测的风险，尤其是当患者出现不可预测的病情变化或者因患者个体差异存在解剖异常或存在因当今医学科学无法解释或技术条件所限无法了解或预知的情况。因此，可能发生或出现包括但不限于以下风险/并发症/意外：    1.我理解任何手术麻醉都存在风险。    2.我理解任何所用药物都可能产生副作用，包括轻度的恶心、皮疹等]]></value>
                        </observation>
                    </entry>
                    <!--手术后可能出现的意外-->
                    <entry>
                        <observation classCode="OBS" moodCode="DEF">
                            <code code="DE05.01.075.00"
                                codeSystem="2.16.156.10011.2.2.1"
                                codeSystemName="卫生信息数据元目录" displayName="手术后可能出现的意外以及风险"/>
                            <value xsi:type="ST"><![CDATA[医师承诺将会严格按照医疗操作规范及本操作的技术规范要求进行操作。尽管如此，本次操作仍存在不可预测的风险，尤其是当患者出现不可预测的病情变化或者因患者个体差异存在解剖异常或存在因当今医学科学无法解释或技术条件所限无法了解或预知的情况。因此，可能发生或出现包括但不限于以下风险/并发症/意外：    1.我理解任何手术麻醉都存在风险。    2.我理解任何所用药物都可能产生副作用，包括轻度的恶心、皮疹等症状到严重的过敏性休克，甚至危及生命。    3.我理解此手术可能发生的风险：    1)术中可能会损伤尿道、膀胱、输尿管；如术中出现输尿管撕脱，需开放手术修补；    2)手术医师会在术中根据探查情况决定手术方式，如因输尿管狭窄导致输尿管镜无法置入，需置双J管扩张输尿管二期再行输尿管软镜钬激光碎石术。结石较大可能需多次手术碎石，碎石后如结石排至输尿管导致“石街”形成，需行输尿管镜取石术治疗；    3)因结石位置受输尿管软镜角度所限无法行钬激光碎石术；     4)术后可能会出现感染，包括：泌尿、生殖系统、呼吸系统等；严重者可能导致尿源性脓毒血症、感染性休克危及生命；    5)手术中碎石后，部分较大碎石可能用套石篮(属高值耗材)取出，细小碎石需术后自行排出；术后可能出现结石残留或复发；        6)术中需留置输尿管支架管，视情况术后择期拔除，置管期间可能有腰痛、尿频、尿急、尿痛、血尿等症状；    7)术中心脑血管意外、术后深静脉血栓形成致重要脏器栓塞（肺栓塞、脑梗塞等）危及生命；    8)患者合并其他内科疾病，手术中或术后可能出现原有内科疾病加重。如遇其他不可预知意外，我们将即时诊断并给与相应处理；        4.我理解如果我患有高血压、心脏病、糖尿病、肝肾功能不全、静脉血栓等疾病或者有吸烟史，以上这些风险可能会加大，或者在术中或术后出现相关的病情加重或心脑血管意外，甚至死亡。    5.我理解术后如果我的体位不当或不遵医嘱，可能影响手术效果。    一旦发生上述风险和意外，医生会采取积极应对措施。]]></value>
                        </observation>
                    </entry>
                </section>
            </component>
        </structuredBody>
    </component>
</ClinicalDocument>
