<?xml version="1.0" encoding="UTF-8"?>
<ClinicalDocument xmlns="urn:hl7-org:v3" xmlns:mif="urn:hl7-org:v3/mif"
    xmlns:xsi="http://www.w3.org/2001/XMLSchema-instance" xsi:schemaLocation="urn:hl7-org:v3 ..\sdschemas\SDA.xsd">
    <realmCode code="CN"/>
    <typeId extension="POCD_MT000040" root="2.16.840.1.113883.1.3"/>
    <templateId root="2.16.156.10011.2.1.1.72"/>
    <!-- 文档流水号 -->
    <id extension="C0052_18284908||18264317||3" root="2.16.156.10011.1.1"/>
    <code code="C0052" codeSystem="2.16.156.10011.2.4" codeSystemName="卫生信息共享文档编码体系"/>
    <title>住院医嘱</title>
    <!-- 文档机器生成时间 -->
    <effectiveTime value="20220504000000"/>
    <!--N-->
    <confidentialityCode code="N" codeSystem="2.16.840.1.113883.5.25"
        codeSystemName="Confidentiality" displayName="正常访问保密级别"/>
    <languageCode code="zh-CN"/>
    <setId/>
    <versionNumber/>
    <recordTarget contextControlCode="OP" typeCode="RCT">
        <patientRole classCode="PAT">
            <!--住院号：DE01.00.014.00  @@@参照OID分配表修改 -->
            <id extension="402772" root="2.16.156.10011.1.12"/>
            <telecom value=""/>
            <patient classCode="PSN" determinerCode="INSTANCE">
                <!--患者身份证号标识-->
                <id extension="440301196105100422" root="2.16.156.10011.1.3"/>
                <name>邓仕梅</name>
                <administrativeGenderCode code="2"
                    codeSystem="2.16.156.10011.2.3.3.4"
                    codeSystemName="生理性别代码表(GB/T 2261.1)" displayName="女性"/>
                <!--N:有就填-->
                <age unit="岁" value=""/>
            </patient>
            <providerOrganization>
                <id extension="1244030345" root="2.16.156.10011.1.5"/>
                <name>罗湖区人民医院</name>
            </providerOrganization>
        </patientRole>
    </recordTarget>
    <!-- 文档作者 -->
    <author contextControlCode="OP" typeCode="AUT">
        <!--医嘱开立日期时间：DE06.00.220.00 -->
        <time value="20220504113559"/>
        <assignedAuthor classCode="ASSIGNED">
            <id extension="3632" root="2.16.156.10011.1.7"/>
            <code displayName="医嘱开立者"/>
            <assignedPerson>
                <name>黎剑淼</name>
            </assignedPerson>
        </assignedAuthor>
    </author>
    <!-- 文档生成机构 -->
    <custodian typeCode="CST">
        <assignedCustodian classCode="ASSIGNED">
            <representedCustodianOrganization classCode="ORG" determinerCode="INSTANCE">
                <id extension="1244030345" root="2.16.156.10011.1.5"/>
                <name>罗湖区人民医院</name>
            </representedCustodianOrganization>
        </assignedCustodian>
    </custodian>
    <!--N:默认无，支持RPLC\APND\XFRM-->
    <relatedDocument typeCode="RPLC">
        <parentDocument>
            <id/>
            <setId/>
            <versionNumber/>
        </parentDocument>
    </relatedDocument>
    <!--文档中医疗卫生事件的就诊场景,即入院场景记录-->
    <componentOf typeCode="COMP">
        <!--就诊-->
        <encompassingEncounter classCode="ENC" moodCode="EVN">
            <code/>
            <!--就诊时间-->
            <effectiveTime/>
            <location typeCode="LOC">
                <healthCareFacility classCode="SDLOC">
                    <!--机构角色-->
                    <serviceProviderOrganization classCode="ORG" determinerCode="INSTANCE">
                        <asOrganizationPartOf classCode="PART">
                            <!--床位号-->
                            <wholeOrganization classCode="ORG" determinerCode="INSTANCE">
                                <!--N:加上OID-->
                                <id extension="08" root="2.16.156.10011.1.22"/>
                                <name>08</name>
                                <!--病房号-->
                                <asOrganizationPartOf classCode="PART">
                                    <wholeOrganization classCode="ORG" determinerCode="INSTANCE">
                                    <!--N:加上OID-->
                                    <id extension="1102-8" root="2.16.156.10011.1.21"/>
                                    <name>1102</name>
                                    <!--病区-->
                                    <asOrganizationPartOf classCode="PART">
                                    <wholeOrganization
                                    classCode="ORG" determinerCode="INSTANCE">
                                    <!--N:加上OID-->
                                    <id extension="40012" root="2.16.156.10011.1.27"/>
                                    <name>WSBQ-外三病区</name>
                                    <!--科室-->
                                    <asOrganizationPartOf classCode="PART">
                                    <wholeOrganization
                                    classCode="ORG" determinerCode="INSTANCE">
                                    <!--N:加上OID-->
                                    <id
                                    extension="1244030345" root="2.16.156.10011.1.26"/>
                                    <name>罗湖区人民医院</name>
                                    </wholeOrganization>
                                    </asOrganizationPartOf>
                                    </wholeOrganization>
                                    </asOrganizationPartOf>
                                    </wholeOrganization>
                                </asOrganizationPartOf>
                            </wholeOrganization>
                        </asOrganizationPartOf>
                    </serviceProviderOrganization>
                </healthCareFacility>
            </location>
        </encompassingEncounter>
    </componentOf>
    <component>
        <structuredBody>
            <!--生命体征章节-->
            <component>
                <section>
                    <code code="8716-3"
                        codeSystem="2.16.840.1.113883.6.1"
                        codeSystemName="LOINC" displayName="VITAL SIGNS"/>
                    <text/>
                    <entry>
                        <observation classCode="OBS" moodCode="EVN">
                            <code code="DE04.10.188.00"
                                codeSystem="2.16.156.10011.2.2.1"
                                codeSystemName="卫生信息数据元目录" displayName="体重"/>
                            <!--N:定为生命体征，疑问-->
                            <value unit="kg" value="0.00" xsi:type="PQ"/>
                        </observation>
                    </entry>
                </section>
            </component>
            <!--医嘱章节-->
            <component>
                <section>
                    <!--N:!!!-->
                    <code code="46209-3"
                        codeSystem="2.16.840.1.113883.6.1"
                        codeSystemName="LOINC" displayName="Provider Orders"/>
                    <text/>
                    <entry>
                        <observation classCode="OBS" moodCode="EVN">
                            <code code="DE06.00.286.00"
                                codeSystem="2.16.156.10011.2.2.1"
                                codeSystemName="卫生信息数据元目录" displayName="医嘱类别"/>
                            <value code="1"
                                codeSystem="2.16.156.10011.2.3.2.58"
                                codeSystemName="医嘱类别代码表"
                                displayName="长期医嘱" xsi:type="CD"/>
                        </observation>
                    </entry>
                    <entry>
                        <organizer classCode="CLUSTER" moodCode="EVN">
                            <statusCode/>
                            <component>
                                <observation classCode="OBS" moodCode="EVN">
                                    <code code="DE06.00.289.00"
                                    codeSystem="2.16.156.10011.2.2.1"
                                    codeSystemName="卫生信息数据元目录" displayName="医嘱项目类型"/>
                                    <value code="07"
                                    codeSystem="2.16.156.10011.2.3.1.268"
                                    codeSystemName="医嘱项目类型代码表"
                                    displayName="嘱托医嘱" xsi:type="CD"/>
                                </observation>
                            </component>
                            <component>
                                <observation classCode="OBS" moodCode="EVN">
                                    <code code="DE06.00.288.00"
                                    codeSystem="2.16.156.10011.2.2.1"
                                    codeSystemName="卫生信息数据元目录" displayName="医嘱项目内容"/>
                                    <effectiveTime>
                                    <!--医嘱计划开始日期时间-->
                                    <low value="20220504113559"/>
                                    <!--医嘱计划结束日期时间-->
                                    <high value="20220509112058"/>
                                    </effectiveTime>
                                    <!--医嘱计划信息-->
                                    <value xsi:type="ST"><![CDATA[普食]]></value>
                                    <!--作者：医嘱开立者-->
                                    <author>
                                    <!--医嘱开立日期时间：DE06.00.220.00-->
                                    <time value="20220504113559"/>
                                    <assignedAuthor>
                                    <id extension="3632" root="2.16.156.10011.1.4"/>
                                    <code displayName="医嘱开立者"/>
                                    <!--医嘱开立者签名：DE02.01.039.00-->
                                    <assignedPerson>
                                    <name>黎剑淼</name>
                                    </assignedPerson>
                                    <!--医嘱开立科室：DE08.10.026.00-->
                                    <representedOrganization>
                                    <name>MNWK-泌尿外科</name>
                                    </representedOrganization>
                                    </assignedAuthor>
                                    </author>
                                    <!--医嘱审核-->
                                    <participant typeCode="ATND">
                                    <!--医嘱审核日期时间：DE09.00.088.00-->
                                    <time value="20220504113559"/>
                                    <participantRole classCode="ASSIGNED">
                                    <id extension="3632" root="2.16.156.10011.1.4"/>
                                    <!--角色-->
                                    <code displayName="医嘱审核人"/>
                                    <!--医嘱审核人签名：DE02.01.039.00-->
                                    <playingEntity
                                    classCode="PSN" determinerCode="INSTANCE">
                                    <name>黎剑淼</name>
                                    </playingEntity>
                                    </participantRole>
                                    </participant>
                                    <!--医嘱核对-->
                                    <participant typeCode="ATND">
                                    <!--医嘱核对日期时间：DE06.00.205.00-->
                                    <time value="20220504122300"/>
                                    <participantRole classCode="ASSIGNED">
                                    <id extension="3554" root="2.16.156.10011.1.4"/>
                                    <!--角色-->
                                    <code displayName="医嘱核对人"/>
                                    <!--医嘱核对护士签名：DE02.01.039.00-->
                                    <playingEntity
                                    classCode="PSN" determinerCode="INSTANCE">
                                    <name>周昊</name>
                                    </playingEntity>
                                    </participantRole>
                                    </participant>
                                    <!--医嘱停止-->
                                    <participant typeCode="ATND">
                                    <!--医嘱停止日期时间：DE06.00.218.00-->
                                    <time value="20220509112058"/>
                                    <participantRole classCode="ASSIGNED">
                                    <id extension="3632" root="2.16.156.10011.1.4"/>
                                    <!--角色-->
                                    <code displayName="医嘱停止人"/>
                                    <!--停止医嘱者签名：DE02.01.039.00-->
                                    <playingEntity
                                    classCode="PSN" determinerCode="INSTANCE">
                                    <name>黎剑淼</name>
                                    </playingEntity>
                                    </participantRole>
                                    </participant>
                                    <!--医嘱取消-->
                                    <participant typeCode="ATND">
                                    <!--医嘱取消日期时间：DE06.00.234.00-->
                                    <time value="20220509000000"/>
                                    <participantRole classCode="ASSIGNED">
                                    <id extension="3632" root="2.16.156.10011.1.4"/>
                                    <!--角色-->
                                    <code displayName="医嘱取消人"/>
                                    <!--取消医嘱者签名：DE02.01.039.00-->
                                    <playingEntity
                                    classCode="PSN" determinerCode="INSTANCE">
                                    <name>黎剑淼</name>
                                    </playingEntity>
                                    </participantRole>
                                    </participant>
                                    <!--医嘱备注信息-->
                                    <entryRelationship typeCode="COMP">
                                    <observation classCode="OBS" moodCode="EVN">
                                    <code code="DE06.00.179.00"
                                    codeSystem="2.16.156.10011.2.2.1"
                                    codeSystemName="卫生信息数据元目录" displayName="医嘱备注信息"/>
                                    <value xsi:type="ST"><![CDATA[无]]></value>
                                    </observation>
                                    </entryRelationship>
                                    <!--医嘱执行状态-->
                                    <entryRelationship typeCode="COMP">
                                    <observation classCode="OBS" moodCode="EVN">
                                    <code code="DE06.00.290.00"
                                    codeSystem="2.16.156.10011.2.2.1"
                                    codeSystemName="卫生信息数据元目录" displayName="医嘱执行状态"/>
                                    <value xsi:type="ST">停止</value>
                                    <!--执行者-->
                                    <performer>
                                    <!--医嘱执行日期时间：DE06.00.222.00-->
                                    <time value="20220504122900"/>
                                    <assignedEntity>
                                    <id extension="3554" root="2.16.156.10011.1.4"/>
                                    <code displayName="医嘱执行者"/>
                                    <!--医嘱执行者签名：DE02.01.039.00-->
                                    <assignedPerson>
                                    <name>周昊</name>
                                    </assignedPerson>
                                    <!--医嘱执行科室：DE08.10.026.00-->
                                    <representedOrganization>
                                    <name>WSBQ-外三病区</name>
                                    </representedOrganization>
                                    </assignedEntity>
                                    </performer>
                                    </observation>
                                    </entryRelationship>
                                    <!--电子申请单编号：例如检查检验申请单编号？？？-->
                                    <entryRelationship typeCode="COMP">
                                    <observation classCode="OBS" moodCode="EVN">
                                    <code code="DE01.00.008.00"
                                    codeSystem="2.16.156.10011.2.2.1"
                                    codeSystemName="卫生信息数据元目录" displayName="电子申请单编号"/>
                                    <value xsi:type="ST">18264317||3</value>
                                    </observation>
                                    </entryRelationship>
                                    <!--处方药品组号：例如如果是用药医嘱的话指向处方单号？？？-->
                                    <entryRelationship typeCode="COMP">
                                    <observation classCode="OBS" moodCode="EVN">
                                    <code code="DE08.50.056.00"
                                    codeSystem="2.16.156.10011.2.2.1"
                                    codeSystemName="卫生信息数据元目录" displayName="处方药品组号"/>
                                    <value xsi:type="ST">182</value>
                                    </observation>
                                    </entryRelationship>
                                </observation>
                            </component>
                        </organizer>
                    </entry>
                </section>
            </component>
        </structuredBody>
    </component>
</ClinicalDocument>
