<?xml version="1.0" encoding="UTF-8"?>
<ClinicalDocument xmlns="urn:hl7-org:v3" xmlns:mif="urn:hl7-org:v3/mif"
    xmlns:xsi="http://www.w3.org/2001/XMLSchema-instance" xsi:schemaLocation="urn:hl7-org:v3 ..\sdschemas\SDA.xsd">
    <!--
********************************************************
 CDA Header
********************************************************
-->
    <realmCode code="CN"/>
    <typeId extension="POCD_MT000040" root="2.16.840.1.113883.1.3"/>
    <templateId root="2.16.156.10011.2.1.1.52"/>
    <!-- 文档流水号 -->
    <id extension="C0032_9784785||1" root="2.16.156.10011.1.1"/>
    <code code="C0032" codeSystem="2.16.156.10011.2.4" codeSystemName="卫生信息共享文档编码体系"/>
    <title>住院病案首页</title>
    <!-- 文档机器生成时间 -->
    <effectiveTime value="20220519083100"/>
    <confidentialityCode code="N" codeSystem="2.16.840.1.113883.5.25"
        codeSystemName="Confidentiality" displayName="正常访问保密级别"/>
    <languageCode code="zh-CN"/>
    <setId/>
    <versionNumber/>
    <!--文档记录对象（患者）-->
    <recordTarget contextControlCode="OP" typeCode="RCT">
        <patientRole classCode="PAT">
            <!-- 健康卡号 -->
            <id extension="440301196105100422" root="2.16.156.10011.1.19"/>
            <!-- 住院号标识 -->
            <id extension="00402772" root="2.16.156.10011.1.12"/>
            <!-- 病案号标识 -->
            <id extension="402772" root="2.16.156.10011.1.13"/>
            <!-- 现住址 -->
            <addr use="H">
                <houseNumber>-</houseNumber>
                <streetName>-</streetName>
                <township>大梅沙泊岸雅苑A4-9C</township>
                <county>广东省深圳市盐田区@</county>
                <city>-</city>
                <state>-</state>
                <postalCode>518000</postalCode>
            </addr>
            <telecom value="-"/>
            <patient classCode="PSN" determinerCode="INSTANCE">
                <!--患者身份证号-->
                <id extension="440301196105100422" root="2.16.156.10011.1.3"/>
                <name>邓仕梅</name>
                <administrativeGenderCode code="2"
                    codeSystem="2.16.156.10011.2.3.3.4"
                    codeSystemName="生理性别代码表(GB/T 2261.1)" displayName="女性"/>
                <birthTime value="19610510"/>
                <maritalStatusCode code="20"
                    codeSystem="2.16.156.10011.2.3.3.5"
                    codeSystemName="婚姻状况代码表(GB/T 2261.2)" displayName="已婚"/>
                <ethnicGroupCode code="01"
                    codeSystem="2.16.156.10011.2.3.3.3"
                    codeSystemName="民族类别代码表(GB 3304)" displayName="汉族"/>
                <!-- 出生地 -->
                <birthplace>
                    <place classCode="PLC" determinerCode="INSTANCE">
                        <addr>
                            <county>-</county>
                            <city>-</city>
                            <state>广东省深圳市盐田区@</state>
                            <postalCode>518000</postalCode>
                        </addr>
                    </place>
                </birthplace>
                <!-- 国籍 -->
                <nationality code="156"
                    codeSystem="2.16.156.10011.2.3.3.1"
                    codeSystemName="世界各国和地区名称代码(GB/T 2659)" displayName="中国"/>
                <!-- 年龄 -->
                <age unit="岁" value="60"/>
                <!-- 工作单位 -->
                <employerOrganization>
                    <name>-</name>
                    <telecom value="-"/>
                    <!-- 工作地址 -->
                    <addr use="WP">
                        <houseNumber>-</houseNumber>
                        <streetName>-</streetName>
                        <township>-</township>
                        <county>-</county>
                        <city>-</city>
                        <state>-</state>
                        <postalCode>518000</postalCode>
                    </addr>
                </employerOrganization>
                <!-- 户口信息 -->
                <household>
                    <place classCode="PLC" determinerCode="INSTANCE">
                        <addr>
                            <houseNumber>-</houseNumber>
                            <streetName>-</streetName>
                            <township>-</township>
                            <county>-</county>
                            <city>-</city>
                            <state>广东省深圳市盐田区@</state>
                            <postalCode>518000</postalCode>
                        </addr>
                    </place>
                </household>
                <!-- 籍贯信息 -->
                <nativePlace>
                    <place classCode="PLC" determinerCode="INSTANCE">
                        <addr>
                            <city>深圳市</city>
                            <state>广东</state>
                        </addr>
                    </place>
                </nativePlace>
                <!--职业状况-->
                <occupation>
                    <occupationCode code="90"
                        codeSystem="2.16.156.10011.2.3.3.13"
                        codeSystemName="从业状况(个人身体)代码表(GB/T 2261.4)" displayName="其他"/>
                </occupation>
            </patient>
            <!--提供患者服务机构-->
            <providerOrganization classCode="ORG" determinerCode="INSTANCE">
                <!--机构标识号-->
                <id extension="1244030345" root="2.16.156.10011.1.5"/>
                <!--住院机构名称-->
                <name>罗湖区人民医院</name>
            </providerOrganization>
        </patientRole>
    </recordTarget>
    <!-- 文档创作者 -->
    <author contextControlCode="OP" typeCode="AUT">
        <time/>
        <assignedAuthor classCode="ASSIGNED">
            <id extension="7263" root="2.16.156.10011.1.7"/>
            <assignedPerson>
                <name>林美花</name>
            </assignedPerson>
        </assignedAuthor>
    </author>
    <!-- 保管机构 -->
    <custodian typeCode="CST">
        <assignedCustodian classCode="ASSIGNED">
            <representedCustodianOrganization classCode="ORG" determinerCode="INSTANCE">
                <id extension="1244030345" root="2.16.156.10011.1.5"/>
                <name>罗湖区人民医院</name>
            </representedCustodianOrganization>
        </assignedCustodian>
    </custodian>
    <!-- 科主任签名 -->
    <legalAuthenticator>
        <time/>
        <signatureCode/>
        <assignedEntity>
            <id extension="3237" root="2.16.156.10011.1.4"/>
            <code displayName="科主任"/>
            <assignedPerson classCode="PSN" determinerCode="INSTANCE">
                <name>杨江根</name>
            </assignedPerson>
        </assignedEntity>
    </legalAuthenticator>
    <!-- 主(副主)任医师签名 -->
    <authenticator>
        <time/>
        <signatureCode/>
        <assignedEntity>
            <id extension="600" root="2.16.156.10011.1.4"/>
            <code displayName="主任(副主任)医师"/>
            <assignedPerson classCode="PSN" determinerCode="INSTANCE">
                <name>黄桂晓</name>
            </assignedPerson>
        </assignedEntity>
    </authenticator>
    <!-- 主治医师签名 -->
    <authenticator>
        <time/>
        <signatureCode/>
        <assignedEntity>
            <id extension="600" root="2.16.156.10011.1.4"/>
            <code displayName="主治医师"/>
            <assignedPerson classCode="PSN" determinerCode="INSTANCE">
                <name>熊星</name>
            </assignedPerson>
        </assignedEntity>
    </authenticator>
    <!-- 住院医师签名 -->
    <authenticator>
        <time/>
        <signatureCode/>
        <assignedEntity>
            <id extension="7263" root="2.16.156.10011.1.4"/>
            <code displayName="住院医师"/>
            <assignedPerson classCode="PSN" determinerCode="INSTANCE">
                <name>黎剑淼</name>
            </assignedPerson>
        </assignedEntity>
    </authenticator>
    <!-- 责任护士签名 -->
    <authenticator>
        <time/>
        <signatureCode/>
        <assignedEntity>
            <id extension="786" root="2.16.156.10011.1.4"/>
            <code displayName="责任护士"/>
            <assignedPerson classCode="PSN" determinerCode="INSTANCE">
                <name>付建</name>
            </assignedPerson>
        </assignedEntity>
    </authenticator>
    <!-- 进修医师签名 -->
    <authenticator>
        <time/>
        <signatureCode/>
        <assignedEntity>
            <id extension="-" root="2.16.156.10011.1.4"/>
            <code displayName="进修医师"/>
            <assignedPerson classCode="PSN" determinerCode="INSTANCE">
                <name>-</name>
            </assignedPerson>
        </assignedEntity>
    </authenticator>
    <!-- 实习医师签名 -->
    <authenticator>
        <time/>
        <signatureCode/>
        <assignedEntity>
            <id extension="-" root="2.16.156.10011.1.4"/>
            <code displayName="实习医师"/>
            <assignedPerson classCode="PSN" determinerCode="INSTANCE">
                <name>-</name>
            </assignedPerson>
        </assignedEntity>
    </authenticator>
    <!-- 编码员签名 -->
    <authenticator>
        <time/>
        <signatureCode/>
        <assignedEntity>
            <id extension="0" root="2.16.156.10011.1.4"/>
            <code displayName="编码员"/>
            <assignedPerson classCode="PSN" determinerCode="INSTANCE">
                <name>-</name>
            </assignedPerson>
        </assignedEntity>
    </authenticator>
    <!--其他参与者（联系人）@typeCode: NOT(ugent notification contact)，固定值，表示不同的参与者-->
    <participant typeCode="NOT">
        <!--联系人@classCode：CON，固定值，表示角色是联系人 -->
        <associatedEntity classCode="ECON">
            <!--联系人类别，表示与患者之间的关系-->
            <code code="1" codeSystem="2.16.156.10011.2.3.3.8"
                codeSystemName="家庭关系代码表(GB/T 4761)" displayName="配偶"/>
            <!--联系人地址-->
            <addr use="H">
                <houseNumber>-</houseNumber>
                <streetName>-</streetName>
                <township>-</township>
                <county>-</county>
                <city>-</city>
                <state>-</state>
                <postalCode>518000</postalCode>
            </addr>
            <!--电话号码-->
            <telecom use="H" value="13760468011"/>
            <!--联系人-->
            <associatedPerson classCode="PSN" determinerCode="INSTANCE">
                <!--姓名-->
                <name>钟虎生</name>
            </associatedPerson>
        </associatedEntity>
    </participant>
    <!--相关文档-->
    <relatedDocument typeCode="RPLC">
        <parentDocument>
            <id/>
            <setId/>
            <versionNumber/>
        </parentDocument>
    </relatedDocument>
    <!--文档中医疗卫生事件的就诊场景,即入院场景记录-->
    <componentOf typeCode="COMP">
        <!--就诊-->
        <encompassingEncounter classCode="ENC" moodCode="EVN">
            <!--入院途径 -->
            <code code="1" codeSystem="2.16.156.10011.2.3.1.270"
                codeSystemName="入院途径代码表" displayName="门诊"/>
            <!--就诊时间-->
            <effectiveTime>
                <!--入院日期-->
                <low value="20220504112001"/>
                <!--出院日期-->
                <high value="20220519083100"/>
            </effectiveTime>
            <location typeCode="LOC">
                <healthCareFacility classCode="SDLOC">
                    <!--机构角色-->
                    <serviceProviderOrganization classCode="ORG" determinerCode="INSTANCE">
                        <!--入院病房-->
                        <asOrganizationPartOf classCode="PART">
                            <wholeOrganization classCode="ORG" determinerCode="INSTANCE">
                                <id extension="40012" root="2.16.156.10011.1.21"/>
                                <name>外三病区</name>
                                <!--入院科室-->
                                <asOrganizationPartOf classCode="PART">
                                    <wholeOrganization classCode="ORG" determinerCode="INSTANCE">
                                    <id extension="30014" root="2.16.156.10011.1.26"/>
                                    <name>泌尿外科</name>
                                    </wholeOrganization>
                                </asOrganizationPartOf>
                            </wholeOrganization>
                        </asOrganizationPartOf>
                    </serviceProviderOrganization>
                </healthCareFacility>
            </location>
        </encompassingEncounter>
    </componentOf>
    <!--***************************************************
文档体Body
*******************************************************
-->
    <component>
        <structuredBody>
            <!--
********************************************************
生命体征章节
********************************************************
-->
            <component>
                <section>
                    <code code="8716-3"
                        codeSystem="2.16.840.1.113883.6.1"
                        codeSystemName="LOINC" displayName="VITAL SIGNS"/>
                    <text/>
                    <entry>
                        <observation classCode="OBS" moodCode="EVN">
                            <code code="DE04.10.019.00"
                                codeSystem="2.16.156.10011.2.2.1"
                                codeSystemName="卫生信息数据元目录" displayName="入院体重">
                                <qualifier>
                                    <name displayName="新生儿入院体重"/>
                                </qualifier>
                            </code>
                            <value unit="g" value="10" xsi:type="PQ"/>
                        </observation>
                    </entry>
                    <entry>
                        <observation classCode="OBS" moodCode="EVN">
                            <code code="DE04.10.019.00"
                                codeSystem="2.16.156.10011.2.2.1"
                                codeSystemName="卫生信息数据元目录" displayName="出生体重">
                                <qualifier>
                                    <name displayName="新生儿出生体重"/>
                                </qualifier>
                            </code>
                            <value unit="g" value="10" xsi:type="PQ"/>
                        </observation>
                    </entry>
                </section>
            </component>
            <!-- 
********************************************************
诊断章节
********************************************************
-->
            <component>
                <section>
                    <code code="29548-5"
                        codeSystem="2.16.840.1.113883.6.1"
                        codeSystemName="LOINC" displayName="Diagnosis"/>
                    <text/>
                    <!--门（急）诊诊断-->
                    <entry>
                        <organizer classCode="CLUSTER" moodCode="EVN">
                            <statusCode/>
                            <component>
                                <observation classCode="OBS" moodCode="EVN">
                                    <code code="DE05.01.025.00"
                                    codeSystem="2.16.156.10011.2.2.1"
                                    codeSystemName="卫生信息数据元目录" displayName="门（急）诊诊断名称">
                                    <qualifier>
                                    <name displayName="门（急）诊诊断"/>
                                    </qualifier>
                                    </code>
                                    <value xsi:type="ST">输尿管结石</value>
                                </observation>
                            </component>
                            <component>
                                <observation classCode="OBS" moodCode="EVN">
                                    <code code="DE05.01.024.00"
                                    codeSystem="2.16.156.10011.2.2.1"
                                    codeSystemName="卫生信息数据元目录" displayName="门（急）诊诊断疾病编码">
                                    <qualifier>
                                    <name displayName="输尿管结石"/>
                                    </qualifier>
                                    </code>
                                    <value code="N20.100"
                                    codeSystem="2.16.156.10011.2.3.3.11"
                                    codeSystemName="ICD-10"
                                    displayName="输尿管结石" xsi:type="CD"/>
                                </observation>
                            </component>
                        </organizer>
                    </entry>
                    <!--病理诊断-->
                    <entry>
                        <organizer classCode="CLUSTER" moodCode="EVN">
                            <statusCode/>
                            <component>
                                <observation classCode="OBS" moodCode="EVN">
                                    <!-- 病理号标识 -->
                                    <id extension="—" root="2.16.156.10011.1.8"/>
                                    <code code="DE05.01.025.00"
                                    codeSystem="2.16.156.10011.2.2.1"
                                    codeSystemName="卫生信息数据元目录" displayName="病理诊断-疾病名称">
                                    <qualifier>
                                    <name displayName="病理诊断"/>
                                    </qualifier>
                                    </code>
                                    <value xsi:type="ST">输尿管结石</value>
                                </observation>
                            </component>
                            <component>
                                <observation classCode="OBS" moodCode="EVN">
                                    <code code="DE05.01.024.00"
                                    codeSystem="2.16.156.10011.2.2.1"
                                    codeSystemName="卫生信息数据元目录" displayName="病理诊断-疾病编码">
                                    <qualifier>
                                    <name displayName="输尿管结石"/>
                                    </qualifier>
                                    </code>
                                    <value code="N20.100"
                                    codeSystem="2.16.156.10011.2.3.3.11"
                                    codeSystemName="ICD-10"
                                    displayName="输尿管结石" xsi:type="CD"/>
                                </observation>
                            </component>
                        </organizer>
                    </entry>
                </section>
            </component>
            <!-- 
********************************************************
主要健康问题章节
********************************************************
-->
            <component>
                <section>
                    <code code="11450-4"
                        codeSystem="2.16.840.1.113883.6.1"
                        codeSystemName="LOINC" displayName="PROBLEM LIST"/>
                    <text/>
                    <entry typeCode="COMP">
                        <observation classCode="OBS" moodCode="EVN">
                            <code code="DE05.10.119.00"
                                codeSystem="2.16.156.10011.2.2.1"
                                codeSystemName="卫生信息数据元目录" displayName="住院者疾病状态代码"/>
                            <value code="9"
                                codeSystem="2.16.156.10011.2.3.1.100"
                                codeSystemName="住院者疾病状态代码表" xsi:type="CD"/>
                        </observation>
                    </entry>
                    <!--住院患者损伤和中毒外部原因-->
                    <!--颅脑损伤患者入院前昏迷时间-->
                    <entry typeCode="COMP">
                        <organizer classCode="CLUSTER" moodCode="EVN">
                            <code displayName="颅脑损伤患者入院前昏迷时间"/>
                            <statusCode/>
                            <component>
                                <observation classCode="OBS" moodCode="EVN">
                                    <code code="DE05.10.138.01"
                                    codeSystem="2.16.156.10011.2.2.1"
                                    codeSystemName="卫生信息数据元目录" displayName="颅脑损伤患者入院前昏迷时间-d"/>
                                    <value unit="d" value="0" xsi:type="PQ"/>
                                </observation>
                            </component>
                            <component>
                                <observation classCode="OBS" moodCode="EVN">
                                    <code code="DE05.10.138.02"
                                    codeSystem="2.16.156.10011.2.2.1"
                                    codeSystemName="卫生信息数据元目录" displayName="颅脑损伤患者入院前昏迷时间-h"/>
                                    <value unit="h" value="0" xsi:type="PQ"/>
                                </observation>
                            </component>
                            <component>
                                <observation classCode="OBS" moodCode="EVN">
                                    <code code="DE05.10.138.03"
                                    codeSystem="2.16.156.10011.2.2.1"
                                    codeSystemName="卫生信息数据元目录" displayName="颅脑损伤患者入院前昏迷时间-min"/>
                                    <value unit="min" value="0" xsi:type="PQ"/>
                                </observation>
                            </component>
                        </organizer>
                    </entry>
                    <!--颅脑损伤患者入院后昏迷时间-->
                    <entry typeCode="COMP">
                        <organizer classCode="CLUSTER" moodCode="EVN">
                            <code displayName="颅脑损伤患者入院后昏迷时间"/>
                            <statusCode/>
                            <component>
                                <observation classCode="OBS" moodCode="EVN">
                                    <code code="DE05.10.138.01"
                                    codeSystem="2.16.156.10011.2.2.1"
                                    codeSystemName="卫生信息数据元目录" displayName="颅脑损伤患者入院后昏迷时间-d"/>
                                    <value unit="d" value="0" xsi:type="PQ"/>
                                </observation>
                            </component>
                            <component>
                                <observation classCode="OBS" moodCode="EVN">
                                    <code code="DE05.10.138.02"
                                    codeSystem="2.16.156.10011.2.2.1"
                                    codeSystemName="卫生信息数据元目录" displayName="颅脑损伤患者入院后昏迷时间-h"/>
                                    <value unit="h" value="0" xsi:type="PQ"/>
                                </observation>
                            </component>
                            <component>
                                <observation classCode="OBS" moodCode="EVN">
                                    <code code="DE05.10.138.03"
                                    codeSystem="2.16.156.10011.2.2.1"
                                    codeSystemName="卫生信息数据元目录" displayName="颅脑损伤患者入院后昏迷时间-min"/>
                                    <value unit="min" value="0" xsi:type="PQ"/>
                                </observation>
                            </component>
                        </organizer>
                    </entry>
                </section>
            </component>
            <!--
********************************************************
转科记录章节
********************************************************
-->
            <component>
                <section>
                    <code code="42349-1"
                        codeSystem="2.16.840.1.113883.6.1"
                        codeSystemName="LOINC" displayName="REASON FOR REFERRAL"/>
                    <text/>
                    <!--转科条目-->
                    <entry>
                        <observation classCode="OBS" moodCode="EVN">
                            <code/>
                            <!--转科原因（数据元）-->
                            <author>
                                <time/>
                                <assignedAuthor>
                                    <id/>
                                    <representedOrganization>
                                    <!--住院患者转科科室名称-->
                                    <name>-</name>
                                    </representedOrganization>
                                </assignedAuthor>
                            </author>
                        </observation>
                    </entry>
                </section>
            </component>
            <!-- 
********************************************************
出院诊断章节
********************************************************
-->
            <component>
                <section>
                    <code code="11535-2"
                        codeSystem="2.16.840.1.113883.6.1"
                        codeSystemName="LOINC" displayName="HOSPITAL DISCHARGE DX"/>
                    <text/>
                    <!--出院诊断-主要诊断条目-->
                    <entry>
                        <organizer classCode="CLUSTER" moodCode="EVN">
                            <statusCode/>
                            <component>
                                <observation classCode="OBS" moodCode="EVN">
                                    <code code="DE05.01.025.00"
                                    codeSystem="2.16.156.10011.2.2.1"
                                    codeSystemName="卫生信息数据元目录" displayName="出院诊断-主要诊断名称">
                                    <qualifier>
                                    <name displayName="输尿管结石伴有积水和感染"/>
                                    </qualifier>
                                    </code>
                                    <!--确诊日期-->
                                    <effectiveTime value="20220519"/>
                                    <value xsi:type="ST">输尿管结石伴有积水和感染</value>
                                </observation>
                            </component>
                            <component>
                                <observation classCode="OBS" moodCode="EVN">
                                    <!--住院患者疾病诊断类型-代码/住院患者疾病诊断类型-详细描述-->
                                    <code code="DE05.01.024.00"
                                    codeSystem="2.16.156.10011.2.2.1"
                                    codeSystemName="卫生信息数据元目录" displayName="出院诊断-主要诊断疾病编码">
                                    <qualifier>
                                    <name displayName="N13.602"/>
                                    </qualifier>
                                    </code>
                                    <!--疾病诊断代码/疾病诊断名称-->
                                    <value code="N13.602"
                                    codeSystem="2.16.156.10011.2.3.3.11"
                                    codeSystemName="ICD-10"
                                    displayName="输尿管结石伴有积水和感染" xsi:type="CD"/>
                                </observation>
                            </component>
                            <component>
                                <observation classCode="OBS" moodCode="EVN">
                                    <code code="DE09.00.104.00"
                                    codeSystem="2.16.156.10011.2.2.1"
                                    codeSystemName="卫生信息数据元目录" displayName="出院诊断-主要诊断入院病情代码">
                                    <qualifier>
                                    <name displayName="1"/>
                                    </qualifier>
                                    </code>
                                    <value code="1"
                                    codeSystem="2.16.156.10011.2.3.1.253"
                                    codeSystemName="入院病情代码表"
                                    displayName="有" xsi:type="CD"/>
                                </observation>
                            </component>
                        </organizer>
                    </entry>
                    <!--出院诊断-其他诊断条目-->
                    <entry>
                        <organizer classCode="CLUSTER" moodCode="EVN">
                            <statusCode/>
                            <component>
                                <observation classCode="OBS" moodCode="EVN">
                                    <code code="DE05.01.025.00"
                                    codeSystem="2.16.156.10011.2.2.1"
                                    codeSystemName="卫生信息数据元目录" displayName="出院诊断-其他诊断名称">
                                    <qualifier>
                                    <name displayName="其他诊断名称"/>
                                    </qualifier>
                                    </code>
                                    <!--确诊日期-->
                                    <effectiveTime value="20220519"/>
                                    <value xsi:type="ST">高血压2级</value>
                                </observation>
                            </component>
                            <component>
                                <observation classCode="OBS" moodCode="EVN">
                                    <!--住院患者疾病诊断类型-代码/住院患者疾病诊断类型-详细描述-->
                                    <code code="DE05.01.024.00"
                                    codeSystem="2.16.156.10011.2.2.1"
                                    codeSystemName="卫生信息数据元目录" displayName="出院诊断-其他诊断疾病编码">
                                    <qualifier>
                                    <name displayName="其他诊断疾病编码"/>
                                    </qualifier>
                                    </code>
                                    <!--疾病诊断代码/疾病诊断名称-->
                                    <value code="I10.x04"
                                    codeSystem="2.16.156.10011.2.3.3.11"
                                    codeSystemName="ICD-10"
                                    displayName="高血压2级" xsi:type="CD"/>
                                </observation>
                            </component>
                            <component>
                                <observation classCode="OBS" moodCode="EVN">
                                    <code code="DE09.00.104.00"
                                    codeSystem="2.16.156.10011.2.2.1"
                                    codeSystemName="卫生信息数据元目录" displayName="出院诊断-其他诊断入院病情代码">
                                    <qualifier>
                                    <name displayName="其他诊断入院病情代码"/>
                                    </qualifier>
                                    </code>
                                    <value code="1"
                                    codeSystem="2.16.156.10011.2.3.1.253"
                                    codeSystemName="入院病情代码表"
                                    displayName="有" xsi:type="CD"/>
                                </observation>
                            </component>
                        </organizer>
                    </entry>
                    <entry>
                        <organizer classCode="CLUSTER" moodCode="EVN">
                            <statusCode/>
                            <component>
                                <observation classCode="OBS" moodCode="EVN">
                                    <code code="DE05.01.025.00"
                                    codeSystem="2.16.156.10011.2.2.1"
                                    codeSystemName="卫生信息数据元目录" displayName="出院诊断-其他诊断名称">
                                    <qualifier>
                                    <name displayName="其他诊断名称"/>
                                    </qualifier>
                                    </code>
                                    <!--确诊日期-->
                                    <effectiveTime value="20220519"/>
                                    <value xsi:type="ST">高脂血症</value>
                                </observation>
                            </component>
                            <component>
                                <observation classCode="OBS" moodCode="EVN">
                                    <!--住院患者疾病诊断类型-代码/住院患者疾病诊断类型-详细描述-->
                                    <code code="DE05.01.024.00"
                                    codeSystem="2.16.156.10011.2.2.1"
                                    codeSystemName="卫生信息数据元目录" displayName="出院诊断-其他诊断疾病编码">
                                    <qualifier>
                                    <name displayName="其他诊断疾病编码"/>
                                    </qualifier>
                                    </code>
                                    <!--疾病诊断代码/疾病诊断名称-->
                                    <value code="E78.500"
                                    codeSystem="2.16.156.10011.2.3.3.11"
                                    codeSystemName="ICD-10"
                                    displayName="高脂血症" xsi:type="CD"/>
                                </observation>
                            </component>
                            <component>
                                <observation classCode="OBS" moodCode="EVN">
                                    <code code="DE09.00.104.00"
                                    codeSystem="2.16.156.10011.2.2.1"
                                    codeSystemName="卫生信息数据元目录" displayName="出院诊断-其他诊断入院病情代码">
                                    <qualifier>
                                    <name displayName="其他诊断入院病情代码"/>
                                    </qualifier>
                                    </code>
                                    <value code="3"
                                    codeSystem="2.16.156.10011.2.3.1.253"
                                    codeSystemName="入院病情代码表"
                                    displayName="情况不明" xsi:type="CD"/>
                                </observation>
                            </component>
                        </organizer>
                    </entry>
                    <entry>
                        <organizer classCode="CLUSTER" moodCode="EVN">
                            <statusCode/>
                            <component>
                                <observation classCode="OBS" moodCode="EVN">
                                    <code code="DE05.01.025.00"
                                    codeSystem="2.16.156.10011.2.2.1"
                                    codeSystemName="卫生信息数据元目录" displayName="出院诊断-其他诊断名称">
                                    <qualifier>
                                    <name displayName="其他诊断名称"/>
                                    </qualifier>
                                    </code>
                                    <!--确诊日期-->
                                    <effectiveTime value="20220519"/>
                                    <value xsi:type="ST">慢性乙型病毒性肝炎</value>
                                </observation>
                            </component>
                            <component>
                                <observation classCode="OBS" moodCode="EVN">
                                    <!--住院患者疾病诊断类型-代码/住院患者疾病诊断类型-详细描述-->
                                    <code code="DE05.01.024.00"
                                    codeSystem="2.16.156.10011.2.2.1"
                                    codeSystemName="卫生信息数据元目录" displayName="出院诊断-其他诊断疾病编码">
                                    <qualifier>
                                    <name displayName="其他诊断疾病编码"/>
                                    </qualifier>
                                    </code>
                                    <!--疾病诊断代码/疾病诊断名称-->
                                    <value code="B18.107"
                                    codeSystem="2.16.156.10011.2.3.3.11"
                                    codeSystemName="ICD-10"
                                    displayName="慢性乙型病毒性肝炎" xsi:type="CD"/>
                                </observation>
                            </component>
                            <component>
                                <observation classCode="OBS" moodCode="EVN">
                                    <code code="DE09.00.104.00"
                                    codeSystem="2.16.156.10011.2.2.1"
                                    codeSystemName="卫生信息数据元目录" displayName="出院诊断-其他诊断入院病情代码">
                                    <qualifier>
                                    <name displayName="其他诊断入院病情代码"/>
                                    </qualifier>
                                    </code>
                                    <value code="3"
                                    codeSystem="2.16.156.10011.2.3.1.253"
                                    codeSystemName="入院病情代码表"
                                    displayName="情况不明" xsi:type="CD"/>
                                </observation>
                            </component>
                        </organizer>
                    </entry>
                    <entry>
                        <organizer classCode="CLUSTER" moodCode="EVN">
                            <statusCode/>
                            <component>
                                <observation classCode="OBS" moodCode="EVN">
                                    <code code="DE05.01.025.00"
                                    codeSystem="2.16.156.10011.2.2.1"
                                    codeSystemName="卫生信息数据元目录" displayName="出院诊断-其他诊断名称">
                                    <qualifier>
                                    <name displayName="其他诊断名称"/>
                                    </qualifier>
                                    </code>
                                    <!--确诊日期-->
                                    <effectiveTime value="20220519"/>
                                    <value xsi:type="ST">肾盂积水伴有输尿管狭窄，不可归类在他处者</value>
                                </observation>
                            </component>
                            <component>
                                <observation classCode="OBS" moodCode="EVN">
                                    <!--住院患者疾病诊断类型-代码/住院患者疾病诊断类型-详细描述-->
                                    <code code="DE05.01.024.00"
                                    codeSystem="2.16.156.10011.2.2.1"
                                    codeSystemName="卫生信息数据元目录" displayName="出院诊断-其他诊断疾病编码">
                                    <qualifier>
                                    <name displayName="其他诊断疾病编码"/>
                                    </qualifier>
                                    </code>
                                    <!--疾病诊断代码/疾病诊断名称-->
                                    <value code="N13.100"
                                    codeSystem="2.16.156.10011.2.3.3.11"
                                    codeSystemName="ICD-10"
                                    displayName="肾盂积水伴有输尿管狭窄，不可归类在他处者" xsi:type="CD"/>
                                </observation>
                            </component>
                            <component>
                                <observation classCode="OBS" moodCode="EVN">
                                    <code code="DE09.00.104.00"
                                    codeSystem="2.16.156.10011.2.2.1"
                                    codeSystemName="卫生信息数据元目录" displayName="出院诊断-其他诊断入院病情代码">
                                    <qualifier>
                                    <name displayName="其他诊断入院病情代码"/>
                                    </qualifier>
                                    </code>
                                    <value code="3"
                                    codeSystem="2.16.156.10011.2.3.1.253"
                                    codeSystemName="入院病情代码表"
                                    displayName="情况不明" xsi:type="CD"/>
                                </observation>
                            </component>
                        </organizer>
                    </entry>
                    <!--离院方式-->
                    <entry typeCode="COMP">
                        <observation classCode="OBS" moodCode="EVN">
                            <code code="DE06.00.223.00"
                                codeSystem="2.16.156.10011.2.2.1"
                                codeSystemName="卫生信息数据元目录" displayName="离院方式"/>
                            <value code="1"
                                codeSystem="2.16.156.10011.2.3.1.265"
                                codeSystemName="离院方式代码表"
                                displayName="医嘱离院" xsi:type="CD"/>
                            <entryRelationship negationInd="false" typeCode="COMP">
                                <observation classCode="OBS" moodCode="EVN">
                                    <code code="DE08.10.013.00"
                                    codeSystem="2.16.156.10011.2.2.1"
                                    codeSystemName="卫生信息数据元目录" displayName="拟接受医疗机构名称"/>
                                    <value xsi:type="ST">深圳市罗湖区人民医院</value>
                                </observation>
                            </entryRelationship>
                        </observation>
                    </entry>
                </section>
            </component>
            <!-- 
********************************************************
过敏史章节
********************************************************
-->
            <component>
                <section>
                    <code code="48765-2"
                        codeSystem="2.16.840.1.113883.6.1"
                        codeSystemName="LOINC" displayName="Allergies, adverse reactions, alerts"/>
                    <text/>
                    <entry typeCode="DRIV">
                        <act classCode="ACT" moodCode="EVN">
                            <code nullFlavor="NA"/>
                            <entryRelationship typeCode="SUBJ">
                                <observation classCode="OBS" moodCode="EVN">
                                    <code code="DE02.10.023.00"
                                    codeSystem="2.16.156.10011.2.2.1" codeSystemName="卫生信息数据元目录"/>
                                    <value value="false" xsi:type="BL"/>
                                    <participant typeCode="CSM">
                                    <participantRole classCode="MANU">
                                    <playingEntity classCode="MMAT">
                                    <!--住院患者过敏源-->
                                    <code
                                    code="DE02.10.022.00"
                                    codeSystem="2.16.156.10011.2.2.1"
                                    codeSystemName="卫生信息数据元目录" displayName="过敏药物"/>
                                    <desc xsi:type="ST"><![CDATA[-]]></desc>
                                    </playingEntity>
                                    </participantRole>
                                    </participant>
                                </observation>
                            </entryRelationship>
                        </act>
                    </entry>
                </section>
            </component>
            <!--
********************************************************
实验室检查章节
********************************************************
-->
            <component>
                <section>
                    <code code="30954-2"
                        codeSystem="2.16.840.1.113883.6.1"
                        codeSystemName="LOINC" displayName="STUDIES SUMMARY"/>
                    <text/>
                    <entry typeCode="COMP">
                        <!-- 血型-->
                        <organizer classCode="BATTERY" moodCode="EVN">
                            <statusCode/>
                            <component typeCode="COMP">
                                <!-- ABO血型 -->
                                <observation classCode="OBS" moodCode="EVN">
                                    <code code="DE04.50.001.00"
                                    codeSystem="2.16.156.10011.2.2.1"
                                    codeSystemName="卫生信息数据元目录" displayName="ABO血型代码"/>
                                    <value code="3"
                                    codeSystem="2.16.156.10011.2.3.1.85"
                                    codeSystemName="ABO血型代码表"
                                    displayName="O型" xsi:type="CD"/>
                                </observation>
                            </component>
                            <component typeCode="COMP">
                                <!-- Rh血型 -->
                                <observation classCode="OBS" moodCode="EVN">
                                    <code code="DE04.50.010.00"
                                    codeSystem="2.16.156.10011.2.2.1"
                                    codeSystemName="卫生信息数据元目录" displayName="Rh（D）血型代码"/>
                                    <value code="2"
                                    codeSystem="2.16.156.10011.2.3.1.250"
                                    codeSystemName="Rh(D)血型代码表"
                                    displayName="阳性" xsi:type="CD"/>
                                </observation>
                            </component>
                        </organizer>
                    </entry>
                </section>
            </component>
            <!--
********************************************************
手术操作章节
********************************************************
-->
            <component>
                <section>
                    <code code="47519-4"
                        codeSystem="2.16.840.1.113883.6.1"
                        codeSystemName="LOINC" displayName="HISTORY OF PROCEDURES"/>
                    <text/>
                    <entry>
                        <!-- 1..1 手术记录 -->
                        <procedure classCode="PROC" moodCode="EVN">
                            <code code="59.8x00"
                                codeSystem="2.16.156.10011.2.3.3.12"
                                codeSystemName="手术(操作)代码表(ICD-9-CM)" displayName="输尿管导管插入术"/>
                            <statusCode/>
                            <!--操作日期/时间-->
                            <effectiveTime value="20220509000000"/>
                            <!--手术者-->
                            <performer>
                                <assignedEntity>
                                    <id extension="甘露" root="2.16.156.10011.1.4"/>
                                    <assignedPerson>
                                    <name>甘露</name>
                                    </assignedPerson>
                                </assignedEntity>
                            </performer>
                            <!--第一助手-->
                            <participant typeCode="ATND">
                                <participantRole classCode="ASSIGNED">
                                    <id extension="熊星" root="2.16.156.10011.1.4"/>
                                    <code displayName="第一助手"/>
                                    <playingEntity classCode="PSN" determinerCode="INSTANCE">
                                    <name>熊星</name>
                                    </playingEntity>
                                </participantRole>
                            </participant>
                            <!--第二助手-->
                            <participant typeCode="ATND">
                                <participantRole classCode="ASSIGNED">
                                    <id extension="黎剑淼" root="2.16.156.10011.1.4"/>
                                    <code displayName="第二助手"/>
                                    <playingEntity classCode="PSN" determinerCode="INSTANCE">
                                    <name>黎剑淼</name>
                                    </playingEntity>
                                </participantRole>
                            </participant>
                            <entryRelationship typeCode="COMP">
                                <observation classCode="OBS" moodCode="EVN">
                                    <code code="DE06.00.094.00"
                                    codeSystem="2.16.156.10011.2.2.1"
                                    codeSystemName="卫生信息数据元目录" displayName="手术（操作）名称"/>
                                    <value xsi:type="ST">输尿管导管插入术</value>
                                </observation>
                            </entryRelationship>
                            <!--手术级别 -->
                            <entryRelationship typeCode="COMP">
                                <observation classCode="OBS" moodCode="EVN">
                                    <code code="DE06.00.255.00"
                                    codeSystem="2.16.156.10011.2.2.1"
                                    codeSystemName="卫生信息数据元目录" displayName="手术级别"/>
                                    <!--手术级别 -->
                                    <value code="2"
                                    codeSystem="2.16.156.10011.2.3.1.258"
                                    codeSystemName="手术级别代码表"
                                    displayName="二级手术" xsi:type="CD"/>
                                </observation>
                            </entryRelationship>
                            <!--手术切口类别 -->
                            <entryRelationship typeCode="COMP">
                                <observation classCode="OBS" moodCode="EVN">
                                    <code code="DE06.00.257.00"
                                    codeSystem="2.16.156.10011.2.2.1"
                                    codeSystemName="卫生信息数据元目录" displayName="手术切口类别代码"/>
                                    <!--手术级别 -->
                                    <value code="3"
                                    codeSystem="2.16.156.10011.2.3.1.256"
                                    codeSystemName="手术切口类别代码表"
                                    displayName="Ⅱ类切口" xsi:type="CD"/>
                                </observation>
                            </entryRelationship>
                            <!--手术切口愈合等级-->
                            <entryRelationship typeCode="COMP">
                                <observation classCode="OBS" moodCode="EVN">
                                    <code code="DE05.10.147.00"
                                    codeSystem="2.16.156.10011.2.2.1"
                                    codeSystemName="卫生信息数据元目录" displayName="手术切口愈合等级"/>
                                    <!--手术切口愈合等级-->
                                    <value code="1"
                                    codeSystem="2.16.156.10011.2.3.1.257"
                                    codeSystemName="手术切口愈合等级代码表"
                                    displayName="甲" xsi:type="CD"/>
                                </observation>
                            </entryRelationship>
                            <!-- 0..1 麻醉信息 -->
                            <entryRelationship typeCode="COMP">
                                <observation classCode="OBS" moodCode="EVN">
                                    <code code="DE06.00.073.00"
                                    codeSystem="2.16.156.10011.2.2.1"
                                    codeSystemName="卫生信息数据元目录" displayName="麻醉方式代码"/>
                                    <value code="11"
                                    codeSystem="2.16.156.10011.2.3.1.159"
                                    codeSystemName="麻醉方法代码表"
                                    displayName="吸入麻醉" xsi:type="CD"/>
                                    <performer>
                                    <assignedEntity>
                                    <id extension="邹昌骝" root="2.16.156.10011.1.4"/>
                                    <assignedPerson>
                                    <name>邹昌骝</name>
                                    </assignedPerson>
                                    </assignedEntity>
                                    </performer>
                                </observation>
                            </entryRelationship>
                        </procedure>
                    </entry>
                </section>
            </component>
            <!-- 
*******************************************************
住院史章节 
*******************************************************
-->
            <component>
                <section>
                    <code code="11336-5"
                        codeSystem="2.16.840.1.113883.6.1"
                        codeSystemName="LOINC" displayName="HISTORY OF HOSPITALIZATIONS"/>
                    <text/>
                    <!--住院次数	　-->
                    <entry typeCode="COMP">
                        <observation classCode="OBS" moodCode="EVN">
                            <code code="DE02.10.090.00"
                                codeSystem="2.16.156.10011.2.2.1"
                                codeSystemName="卫生信息数据元目录" displayName="住院次数"/>
                            <value value="1" xsi:type="INT"/>
                        </observation>
                    </entry>
                </section>
            </component>
            <!--
*******************************************************
 住院过程章节 
*******************************************************
-->
            <component>
                <section>
                    <code code="8648-8"
                        codeSystem="2.16.840.1.113883.6.1"
                        codeSystemName="LOINC" displayName="Hospital Course"/>
                    <text/>
                    <!--实际住院天数　-->
                    <entry typeCode="COMP">
                        <observation classCode="OBS" moodCode="EVN">
                            <code code="DE06.00.310.00"
                                codeSystem="2.16.156.10011.2.2.1"
                                codeSystemName="卫生信息数据元目录" displayName="实际住院天数"/>
                            <value unit="天" value="15" xsi:type="PQ"/>
                        </observation>
                    </entry>
                    <entry>
                        <!--出院科室及病房 -->
                        <act classCode="ACT" moodCode="EVN">
                            <code/>
                            <author>
                                <time/>
                                <assignedAuthor>
                                    <id/>
                                    <representedOrganization>
                                    <!--住院患者出院病房、科室名称-->
                                    <id extension="40012" root="2.16.156.10011.1.21"/>
                                    <name>WSBQ-外三病区</name>
                                    <asOrganizationPartOf classCode="PART">
                                    <wholeOrganization
                                    classCode="ORG" determinerCode="INSTANCE">
                                    <id extension="30014" root="2.16.156.10011.1.26"/>
                                    <name>MNWK-泌尿外科</name>
                                    </wholeOrganization>
                                    </asOrganizationPartOf>
                                    </representedOrganization>
                                </assignedAuthor>
                            </author>
                        </act>
                    </entry>
                </section>
            </component>
            <!--
********************************************************
行政管理章节
********************************************************
-->
            <component>
                <section>
                    <code displayName="行政管理"/>
                    <text/>
                    <!--亡患者尸检标志-->
                    <entry typeCode="COMP">
                        <observation classCode="OBS" moodCode="EVN">
                            <code code="DE09.00.108.00"
                                codeSystem="2.16.156.10011.2.2.1"
                                codeSystemName="卫生信息数据元目录" displayName="死亡患者尸检标志"/>
                            <value value="false" xsi:type="BL"/>
                        </observation>
                    </entry>
                    <!--病案质量-->
                    <entry>
                        <observation classCode="OBS" moodCode="EVN">
                            <code code="DE09.00.103.00"
                                codeSystem="2.16.156.10011.2.2.1"
                                codeSystemName="卫生信息数据元目录" displayName="病案质量"/>
                            <!-- 质控日期 -->
                            <effectiveTime value="20220523"/>
                            <value code="1"
                                codeSystem="2.16.156.10011.2.3.2.29"
                                codeSystemName="病案质量等级表" displayName="甲" xsi:type="CD"/>
                            <author>
                                <time/>
                                <assignedAuthor>
                                    <id extension="3948" root="2.16.156.10011.1.4"/>
                                    <code displayName="质控医生"/>
                                    <assignedPerson>
                                    <name>邹逸帆</name>
                                    </assignedPerson>
                                </assignedAuthor>
                            </author>
                            <author>
                                <time/>
                                <assignedAuthor>
                                    <id extension="348" root="2.16.156.10011.1.4"/>
                                    <code displayName="质控护士"/>
                                    <assignedPerson>
                                    <name>张文娟</name>
                                    </assignedPerson>
                                </assignedAuthor>
                            </author>
                        </observation>
                    </entry>
                </section>
            </component>
            <!--
***********************************************
治疗计划章节
***********************************************
-->
            <component>
                <section>
                    <code code="18776-5"
                        codeSystem="2.16.840.1.113883.6.1"
                        codeSystemName="LOINC" displayName="TREATMENT PLAN"/>
                    <text/>
                    <!-- 有否出院31天内再住院计划 -->
                    <entry>
                        <observation classCode="OBS" moodCode="EVN">
                            <code code="DE06.00.194.00"
                                codeSystem="2.16.156.10011.2.2.1"
                                codeSystemName="卫生信息数据元目录" displayName="出院31天内再住院标志"/>
                            <value value="true" xsi:type="BL"/>
                            <entryRelationship negationInd="false" typeCode="GEVL">
                                <observation classCode="OBS" moodCode="EVN">
                                    <code code="DE06.00.195.00"
                                    codeSystem="2.16.156.10011.2.2.1"
                                    codeSystemName="卫生信息数据元目录" displayName="出院31天内再住院目的"/>
                                    <value xsi:type="ST">进一步治疗右输尿管结石</value>
                                </observation>
                            </entryRelationship>
                        </observation>
                    </entry>
                </section>
            </component>
            <!--
********************************************************
费用章节
********************************************************
-->
            <component>
                <section>
                    <code code="48768-6"
                        codeSystem="2.16.840.1.113883.6.1"
                        codeSystemName="LOINC" displayName="PAYMENT SOURCES"/>
                    <text/>
                    <!--医疗付费方式 -->
                    <entry>
                        <observation classCode="OBS" moodCode="EVN">
                            <code code="DE07.00.007.00"
                                codeSystem="2.16.156.10011.2.2.1"
                                codeSystemName="卫生信息数据元目录" displayName="医疗付费方式代码"/>
                            <value code="02"
                                codeSystem="2.16.156.10011.2.3.1.269"
                                codeSystemName="医疗付费方式代码表"
                                displayName="城镇居民基本医疗保险" xsi:type="CD"/>
                        </observation>
                    </entry>
                    <!--住院总费用 -->
                    <entry>
                        <observation classCode="OBS" moodCode="EVN">
                            <code code="HDSD00.11.142"
                                codeSystem="2.16.156.10011.2.2.4"
                                codeSystemName="住院病案首页基本数据集" displayName="住院总费用"/>
                            <value currency="元" value="24210.97" xsi:type="MO"/>
                            <entryRelationship negationInd="false" typeCode="COMP">
                                <observation classCode="OBS" moodCode="EVN">
                                    <code code="HDSD00.11.143"
                                    codeSystem="2.16.156.10011.2.2.4"
                                    codeSystemName="住院病案首页基本数据集" displayName="住院总费用-自付金额（元）"/>
                                    <value currency="元" value="2114.49" xsi:type="MO"/>
                                </observation>
                            </entryRelationship>
                        </observation>
                    </entry>
                    <!--综合医疗服务费 -->
                    <entry>
                        <organizer classCode="CLUSTER" moodCode="EVN">
                            <statusCode/>
                            <component>
                                <observation classCode="OBS" moodCode="EVN">
                                    <code code="HDSD00.11.147"
                                    codeSystem="2.16.156.10011.2.2.4"
                                    codeSystemName="住院病案首页基本数据集" displayName="综合医疗服务费-一般医疗服务费"/>
                                    <value currency="元" value="900.00" xsi:type="MO"/>
                                </observation>
                            </component>
                            <component>
                                <observation classCode="OBS" moodCode="EVN">
                                    <code code="HDSD00.11.148"
                                    codeSystem="2.16.156.10011.2.2.4"
                                    codeSystemName="住院病案首页基本数据集" displayName="综合医疗服务费-一般治疗操作费"/>
                                    <value currency="元" value="798.10" xsi:type="MO"/>
                                </observation>
                            </component>
                            <component>
                                <observation classCode="OBS" moodCode="EVN">
                                    <code code="HDSD00.11.145"
                                    codeSystem="2.16.156.10011.2.2.4"
                                    codeSystemName="住院病案首页基本数据集" displayName="综合医疗服务费-护理费"/>
                                    <value currency="元" value="534.00" xsi:type="MO"/>
                                </observation>
                            </component>
                            <component>
                                <observation classCode="OBS" moodCode="EVN">
                                    <code code="HDSD00.11.146"
                                    codeSystem="2.16.156.10011.2.2.4"
                                    codeSystemName="住院病案首页基本数据集" displayName="综合医疗服务费-其他费用"/>
                                    <value currency="元" value="0.00" xsi:type="MO"/>
                                </observation>
                            </component>
                        </organizer>
                    </entry>
                    <!--诊断类服务费 -->
                    <entry>
                        <organizer classCode="CLUSTER" moodCode="EVN">
                            <statusCode/>
                            <component>
                                <observation classCode="OBS" moodCode="EVN">
                                    <code code="HDSD00.11.121"
                                    codeSystem="2.16.156.10011.2.2.4"
                                    codeSystemName="住院病案首页基本数据集" displayName="诊断-病理诊断费"/>
                                    <value currency="元" value="0.00" xsi:type="MO"/>
                                </observation>
                            </component>
                            <component>
                                <observation classCode="OBS" moodCode="EVN">
                                    <code code="HDSD00.11.123"
                                    codeSystem="2.16.156.10011.2.2.4"
                                    codeSystemName="住院病案首页基本数据集" displayName="诊断-实验室诊断费"/>
                                    <value currency="元" value="3992.00" xsi:type="MO"/>
                                </observation>
                            </component>
                            <component>
                                <observation classCode="OBS" moodCode="EVN">
                                    <code code="HDSD00.11.124"
                                    codeSystem="2.16.156.10011.2.2.4"
                                    codeSystemName="住院病案首页基本数据集" displayName="诊断-影像学诊断费"/>
                                    <value currency="元" value="2300.00" xsi:type="MO"/>
                                </observation>
                            </component>
                            <component>
                                <observation classCode="OBS" moodCode="EVN">
                                    <code code="HDSD00.11.122"
                                    codeSystem="2.16.156.10011.2.2.4"
                                    codeSystemName="住院病案首页基本数据集" displayName="诊断-临床诊断项目费"/>
                                    <value currency="元" value="87.00" xsi:type="MO"/>
                                </observation>
                            </component>
                        </organizer>
                    </entry>
                    <!--治疗类服务费 -->
                    <entry>
                        <organizer classCode="CLUSTER" moodCode="EVN">
                            <statusCode/>
                            <component>
                                <observation classCode="OBS" moodCode="EVN">
                                    <code code="HDSD00.11.129"
                                    codeSystem="2.16.156.10011.2.2.4"
                                    codeSystemName="住院病案首页基本数据集" displayName="治疗-非手术治疗项目费"/>
                                    <value currency="元" value="235.70" xsi:type="MO"/>
                                    <entryRelationship typeCode="COMP">
                                    <observation classCode="OBS" moodCode="EVN">
                                    <code code="HDSD00.11.130"
                                    codeSystem="2.16.156.10011.2.2.4"
                                    codeSystemName="住院病案首页基本数据集" displayName="治疗-非手术治疗项目费-临床物理治疗费"/>
                                    <value currency="元"
                                    value="0.00" xsi:type="MO"/>
                                    </observation>
                                    </entryRelationship>
                                </observation>
                            </component>
                            <component>
                                <observation classCode="OBS" moodCode="EVN">
                                    <code code="HDSD00.11.131"
                                    codeSystem="2.16.156.10011.2.2.4"
                                    codeSystemName="住院病案首页基本数据集" displayName="治疗-手术治疗费"/>
                                    <value currency="元" value="2850.00" xsi:type="MO"/>
                                    <entryRelationship typeCode="COMP">
                                    <observation classCode="OBS" moodCode="EVN">
                                    <code code="HDSD00.11.132"
                                    codeSystem="2.16.156.10011.2.2.4"
                                    codeSystemName="住院病案首页基本数据集" displayName="治疗-手术治疗费-麻醉费"/>
                                    <value currency="元"
                                    value="1400.00" xsi:type="MO"/>
                                    </observation>
                                    </entryRelationship>
                                    <entryRelationship typeCode="COMP">
                                    <observation classCode="OBS" moodCode="EVN">
                                    <code code="HDSD00.11.133"
                                    codeSystem="2.16.156.10011.2.2.4"
                                    codeSystemName="住院病案首页基本数据集" displayName="治疗-手术治疗费-手术费"/>
                                    <value currency="元"
                                    value="1450.00" xsi:type="MO"/>
                                    </observation>
                                    </entryRelationship>
                                </observation>
                            </component>
                        </organizer>
                    </entry>
                    <!--康复费类服务费 -->
                    <entry>
                        <observation classCode="OBS" moodCode="EVN">
                            <code code="HDSD00.11.055"
                                codeSystem="2.16.156.10011.2.2.4"
                                codeSystemName="住院病案首页基本数据集" displayName="康复费"/>
                            <value currency="元" value="248.00" xsi:type="MO"/>
                        </observation>
                    </entry>
                    <!--中医治疗费 -->
                    <entry>
                        <observation classCode="OBS" moodCode="EVN">
                            <code code="HDSD00.11.136"
                                codeSystem="2.16.156.10011.2.2.4"
                                codeSystemName="住院病案首页基本数据集" displayName="中医治疗费"/>
                            <value currency="元" value="0.00" xsi:type="MO"/>
                        </observation>
                    </entry>
                    <!--西药费 -->
                    <entry>
                        <observation classCode="OBS" moodCode="EVN">
                            <code code="HDSD00.11.098"
                                codeSystem="2.16.156.10011.2.2.4"
                                codeSystemName="住院病案首页基本数据集" displayName="西药费"/>
                            <value currency="元" value="9505.42" xsi:type="MO"/>
                            <entryRelationship typeCode="COMP">
                                <observation classCode="OBS" moodCode="EVN">
                                    <code code="HDSD00.11.099"
                                    codeSystem="2.16.156.10011.2.2.4"
                                    codeSystemName="住院病案首页基本数据集" displayName="西药费-抗菌药物费用"/>
                                    <value currency="元" value="3463.74" xsi:type="MO"/>
                                </observation>
                            </entryRelationship>
                        </observation>
                    </entry>
                    <!--中药费 -->
                    <entry>
                        <organizer classCode="CLUSTER" moodCode="EVN">
                            <statusCode/>
                            <component>
                                <observation classCode="OBS" moodCode="EVN">
                                    <code code="HDSD00.11.135"
                                    codeSystem="2.16.156.10011.2.2.4"
                                    codeSystemName="住院病案首页基本数据集" displayName="中药费-中成药费"/>
                                    <value currency="元" value="230.15" xsi:type="MO"/>
                                </observation>
                            </component>
                            <component>
                                <observation classCode="OBS" moodCode="EVN">
                                    <code code="HDSD00.11.134"
                                    codeSystem="2.16.156.10011.2.2.4"
                                    codeSystemName="住院病案首页基本数据集" displayName="中药费-中草药费"/>
                                    <value currency="元" value="0.00" xsi:type="MO"/>
                                </observation>
                            </component>
                        </organizer>
                    </entry>
                    <!-- 血液和血液制品类服务费 -->
                    <entry>
                        <organizer classCode="CLUSTER" moodCode="EVN">
                            <statusCode/>
                            <component>
                                <observation classCode="OBS" moodCode="EVN">
                                    <code code="HDSD00.11.115"
                                    codeSystem="2.16.156.10011.2.2.4"
                                    codeSystemName="住院病案首页基本数据集" displayName="血费"/>
                                    <value currency="元" value="0.00" xsi:type="MO"/>
                                </observation>
                            </component>
                            <component>
                                <observation classCode="OBS" moodCode="EVN">
                                    <code code="HDSD00.11.111"
                                    codeSystem="2.16.156.10011.2.2.4"
                                    codeSystemName="住院病案首页基本数据集" displayName="白蛋白类制品费"/>
                                    <value currency="元" value="0.00" xsi:type="MO"/>
                                </observation>
                            </component>
                            <component>
                                <observation classCode="OBS" moodCode="EVN">
                                    <code code="HDSD00.11.113"
                                    codeSystem="2.16.156.10011.2.2.4"
                                    codeSystemName="住院病案首页基本数据集" displayName="球蛋白类制品费"/>
                                    <value currency="元" value="0.00" xsi:type="MO"/>
                                </observation>
                            </component>
                            <!-- 凝血因子类制品费 -->
                            <component>
                                <observation classCode="OBS" moodCode="EVN">
                                    <code code="HDSD00.11.112"
                                    codeSystem="2.16.156.10011.2.2.4"
                                    codeSystemName="住院病案首页基本数据集" displayName="凝血因子类制品费"/>
                                    <value currency="元" value="0.00" xsi:type="MO"/>
                                </observation>
                            </component>
                            <!--细胞因子类制品费 -->
                            <component>
                                <observation classCode="OBS" moodCode="EVN">
                                    <code code="HDSD00.11.114"
                                    codeSystem="2.16.156.10011.2.2.4"
                                    codeSystemName="住院病案首页基本数据集" displayName="细胞因子类制品费"/>
                                    <value currency="元" value="0.00" xsi:type="MO"/>
                                </observation>
                            </component>
                        </organizer>
                    </entry>
                    <!-- 耗材类费用 -->
                    <entry>
                        <organizer classCode="CLUSTER" moodCode="EVN">
                            <statusCode/>
                            <component>
                                <observation classCode="OBS" moodCode="EVN">
                                    <code code="HDSD00.11.038"
                                    codeSystem="2.16.156.10011.2.2.4"
                                    codeSystemName="住院病案首页基本数据集" displayName="一次性医用材料费-检查用"/>
                                    <value currency="元" value="0.00" xsi:type="MO"/>
                                </observation>
                            </component>
                            <component>
                                <observation classCode="OBS" moodCode="EVN">
                                    <code code="HDSD00.11.040"
                                    codeSystem="2.16.156.10011.2.2.4"
                                    codeSystemName="住院病案首页基本数据集" displayName="一次性医用材料费-治疗用"/>
                                    <value currency="元" value="2513.80" xsi:type="MO"/>
                                </observation>
                            </component>
                            <component>
                                <observation classCode="OBS" moodCode="EVN">
                                    <code code="HDSD00.11.039"
                                    codeSystem="2.16.156.10011.2.2.4"
                                    codeSystemName="住院病案首页基本数据集" displayName="一次性医用材料费-手术用"/>
                                    <value currency="元" value="0.00" xsi:type="MO"/>
                                </observation>
                            </component>
                        </organizer>
                    </entry>
                    <!--其他费 -->
                    <entry>
                        <observation classCode="OBS" moodCode="EVN">
                            <code code="HSDB05.10.130"
                                codeSystem="2.16.156.10011.2.2.4"
                                codeSystemName="住院病案首页基本数据集" displayName="其他费"/>
                            <value currency="元" value="16.80" xsi:type="MO"/>
                        </observation>
                    </entry>
                </section>
            </component>
        </structuredBody>
    </component>
</ClinicalDocument>
